"1","T","010299487-001","Bell Media Inc.","Kapuskasing","CITO-TV-1","1","BT","49:23:28","82:21:27",230.7,,"ON",42.43038,106.7,"A","5M45C3FNN",6000,193.25
"1","T","010299499-001","CHAU-TV Communications Ltee","Carleton","CHAU-DT","1","BT","48:8:8","66:7:4",534,,"QC",39.93436,99.4,"D","6M00C7W",6000,79
"1","T","010299503-001","CHAU-TV Communications Ltee","Gaspe","CHAU-DT-6","1","BT","48:50:15","64:29:32",152.4,,"QC",20.12837,39.5,"D","6M00C7W",6000,177
"1","T","010299507-001","CHAU-TV Communications Ltee","Cloridorme","CHAU-DT-8","1","BT","49:11:27","64:53:27",144,,"QC",20.41393,35,"D","6M00C7W",6000,201
"1","T","010299510-001","Societe de Telediffusion du Quebec (Tele-Quebec)","Gatineau","CIVO-DT","1","BT","45:30:11","75:51:1",359,,"QC",54.77411,142.3,"D","6M00C7W",6000,569
"1","T","010299518-001","CHAU-TV Communications Ltee","Ste-Marguerite-Marie","CHAU-DT-1","1","BT","48:18:41","67:5:3",504.7,,"QC",31.95069,50.0000000000001,"D","6M00C7W",6000,63
"1","T","010299520-001","Rogers Media Inc","Edmonton","CKEM-DT","1","BT","53:31:55","113:46:53",720,,"AB",50.29384,267,"D","6M00C7W",6000,491
"1","T","010299523-002","Groupe TVA Inc.","Saguenay","CJPM-DT","1","BT","48:24:28","71:5:4",166.3,,"QC",54.9955,69.5,"D","6M00C7W",6000,533
"1","T","010299524-001","Bell Media Inc.","Port Hawkesbury","CJCB-TV-6","1","BT","45:37:44","61:19:34",84.4,,"NS",41.76091,68.6,"A","5M45C3FNN",6000,61.25
"1","T","010299525-001","Newfoundland Broadcasting Company Ltd.","St. John's","CJON-DT","1","BT","47:31:32","52:42:48",241.7,,"NL",56.83317,91.4,"D","6M00C7W",6000,515
"1","T","010299535-002","Bell Media Inc.","Fonthill","CKVP-DT","1","BT","43:3:4.6","79:18:1.4",254,,"ON",35.85461,70.1,"D","6M00C7W",6000,563
"1","T","010299535-002","Bell Media Inc.","Fonthill","CKVP-DT-AX1","1","BT","43:3:4.6","79:18:1.4",254,,"ON",35.85461,70.1,"D","6M00C7W",6000,563
"1","T","010299540-002","CBC Radio-Canada","Winnipeg","CBWFT-DT","1","BT","49:53:43","97:8:17",228,,"MB",39.77724,138.1,"D","6M00C7W",6000,581
"1","T","010299540-002","CBC Radio-Canada","Winnipeg","CBWFT-DT-AX1","1","BT","49:53:43","97:8:17",228,,"MB",32.55273,138.1,"D","6M00C7W",6000,581
"1","T","010299545-002","Bell Media Inc.","Vancouver","CIVT-DT","1","BT","49:21:16","122:57:30",856,,"BC",46.9897,84.7,"D","6M00C7W",6000,581
"1","T","010299545-002","Bell Media Inc.","Vancouver","CIVT-DT-AX1","1","BT","49:21:16","122:57:30",856,,"BC",39.89316,84.7,"D","6M00C7W",6000,581
"1","T","010299551-001","CBC/ Radio-Canada","Windsor","CBET-DT","1","BT","42:9:12","82:57:11",180,,"ON",44.14973,190.5,"D","6M00C7W",6000,189
"1","T","010299551-001","CBC/ Radio-Canada","Windsor","CBET-DT-AX1","1","BT","42:9:12","82:57:11",180,,"ON",34.31364,190.5,"D","6M00C7W",6000,189
"1","T","010299556-002","Corus Television Limited Partnership","Vernon","CHKL-DT-2","1","BT","50:16:43","119:18:57",808,,"BC",36.0206,29,"D","6M00C7W",6000,521
"1","T","010299556-002","Corus Television Limited Partnership","Vernon","CHKL-DT-2AX1","1","BT","50:16:43","119:18:57",808,,"BC",36.0206,29,"D","6M00C7W",6000,521
"1","T","010299569-002","Corus Television Limited Partnership","Penticton","CHKL-DT-1","1","BT","49:39:34","119:34:22",1310.6,,"BC",34.77121,28,"D","6M00C7W",6000,569
"1","T","010299569-002","Corus Television Limited Partnership","Penticton","CHKL-DT-1AX1","1","BT","49:39:34","119:34:22",1310.6,,"BC",34.77121,28,"D","6M00C7W",6000,569
"1","T","010299578-001","Societe de Telediffusion du Quebec (Tele-Quebec)","Gaspe","CIVK-DT-3","1","BT","48:50:1","64:15:24",359.6,,"QC",27.40363,94.4,"D","6M00C7W",6000,599
"1","T","010299583-002","CBC/ Radio-Canada","Winnipeg","CBWT-DT","1","BT","49:53:43","97:8:17",228,,"MB",45.40767,138.1,"D","6M00C7W",6000,551
"1","T","010299583-002","CBC/ Radio-Canada","Winnipeg","CBWT-DT-AX1","1","BT","49:53:43","97:8:17",228,,"MB",36.0206,138.1,"D","6M00C7W",6000,551
"1","T","010299588-001","CBC/ Radio-Canada","Toronto","CBLT-DT","1","BT","43:38:33","79:23:14",82,,"ON",50.28978,515.8,"D","6M00C7W",6000,509
"1","T","010299588-001","CBC/ Radio-Canada","Toronto","CBLT-DT-AX","1","BT","43:38:33","79:23:14",82,,"ON",46.26956,515.8,"D","6M00C7W",6000,509
"1","T","010299591-002","Television MBS inc.","Carleton","CFTF-DT-11","1","BT","48:8:8","66:7:4",534,,"QC",42.90035,35,"D","6M00C7W",6000,563
"1","T","010299595-001","Television MBS inc.","Baie-Comeau","CFTF-DT-5","1","BT","49:14:1","68:8:25",128,,"QC",28.61534,47,"D","6M00C7W",6000,189
"1","T","010299596-001","Bell Media Inc.","Antigonish","CJCB-TV-2","1","BT","45:32:45","62:15:36",304.8,,"NS",54.14973,141.1,"A","5M45C3FNN",6000,187.25
"1","T","010299598-001","Television MBS inc.","Sept-Iles","CFTF-DT-7","1","BT","50:10:19","66:44:15",280,,"QC",28.70989,86.5,"D","6M00C7W",6000,177
"1","T","010299603-001","Bell Media Inc.","Canning","CJCH-TV-1","1","BT","45:12:12","64:24:3",205.7,,"NS",42.57679,96.9,"A","5M45C3FNN",6000,193.25
"1","T","010299606-002","Rogers Media Inc","Toronto","CJMT-DT","1","BT","43:38:33","79:23:14",82,,"ON",41.64353,526,"D","6M00C7W",6000,545
"1","T","010299606-002","Rogers Media Inc","Toronto","CJMT-DT-AX1","1","BT","43:38:56","79:22:54",85,,"ON",42.04934,341.5,"D","6M00C7W",6000,545
"1","T","010299610-002","CBC Radio-Canada","Rimouski","CJBR-DT","1","BT","48:19:41","68:50:6",346.3,,"QC",50.68186,25.3,"D","6M00C7W",6000,551
"1","T","010299610-002","CBC Radio-Canada","Rimouski","CJBR-DT-AX1","1","BT","48:19:41","68:50:6",346.3,,"QC",41.3274,25.3,"D","6M00C7W",6000,551
"1","T","010299610-003","CBC Radio-Canada","Rimouski","CJBR-DT","1","BT","48:19:41","68:50:6",346.3,,"QC",50.68186,25.3,"D","6M00C7W",6000,551
"1","T","010299610-003","CBC Radio-Canada","Rimouski","CJBR-DT-AX1","1","BT","48:19:41","68:50:6",346.3,,"QC",41.51707,25.3,"D","6M00C7W",6000,551
"1","T","010299615-002","Bell Media Inc.","Toronto","CFTO-DT","1","BT","43:38:33","79:23:14",82,,"ON",41.39879,493.6,"D","6M00C7W",6000,183
"1","T","010299615-002","Bell Media Inc.","Toronto","CFTO-DT-AX1","1","BT","43:38:33","79:23:14",82,,"ON",39.73128,488.3,"D","6M00C7W",6000,183
"1","T","010299619-001","CBC/ Radio-Canada","Fredericton","CBAT-DT","1","BT","45:56:51","66:35:40",45.7,,"NB",38.79096,118.9,"D","6M00C7W",6000,575
"1","T","010299619-001","CBC/ Radio-Canada","Fredericton","CBAT-DT-AX1","1","BT","45:56:51","66:35:40",45.7,,"NB",30.68186,118.9,"D","6M00C7W",6000,575
"1","T","010299623-002","Corus Television Limited Partnership","Paris","CIII-DT","1","BT","43:15:39","80:26:38",305,,"ON",51.46128,258.8,"D","6M00C7W",6000,527
"1","T","010299624-001","2190015 Ontario Inc.","North Bay","CHCH-TV-6","1","BT","46:18:12.59","79:24:30.91",230,,"ON",36.9897,116,"A","5M45C3FNN",6000,579.25
"1","T","010299626-002","2190015 Ontario Inc.","Timmins","CHCH-TV-7","1","BT","48:28:13.7","81:17:48.1",350,,"ON",35.18514,82.3,"A","5M45C3FNN",6000,199.25
"1","T","010299627-002","Corus Television Limited Partnership","Owen Sound","CIII-DT-4","1","BT","44:26:45","80:59:59",271,,"ON",51.20574,137,"D","6M00C7W",6000,485
"1","T","010299631-002","CBC Radio-Canada","Sherbrooke","CKSH-DT","1","BT","45:18:43","72:14:30",845,,"QC",45.09055,35.6,"D","6M00C7W",6000,213
"1","T","010299631-002","CBC Radio-Canada","Sherbrooke","CKSH-DT-AX","1","BT","45:18:43","72:14:30",845,,"QC",37.82042,35.6,"D","6M00C7W",6000,213
"1","T","010299634-003","CBC Radio-Canada","Edmonton","CBXFT-DT","1","BT","53:30:48","113:17:6",737,,"AB",42.42541,205.7,"D","6M00C7W",6000,551
"1","T","010299634-003","CBC Radio-Canada","Edmonton","CBXFT-DT-AX1","1","BT","53:30:48","113:17:6",737,,"AB",35.13484,205.7,"D","6M00C7W",6000,551
"1","T","010299634-003","CBC Radio-Canada","Edmonton","CBXFT-DT-AX2","1","BT","53:30:48","113:17:6",737,,"AB",39.48902,132.5,"D","6M00C7W",6000,551
"1","T","010299639-001","Corus Television Limited Partnership","North Bay","CFGC-DT-2","1","BT","46:18:12.59","79:24:30.91",230,,"ON",42.25309,113,"D","6M00C7W",6000,479
"1","T","010299642-001","Corus Television Limited Partnership","Sault Ste Marie","CIII-DT-12","1","BT","46:35:50","84:16:53",312.4,,"ON",37.78151,102,"D","6M00C7W",6000,479
"1","T","010299647-003","591987 B.C. Ltd.","Kingston","CKWS-DT","1","BT","44:10:2","76:25:39",94,,"ON",39.73128,294.6,"D","6M00C7W",6000,201
"1","T","010299650-002","591987 B.C. Ltd.","Peterborough","CHEX-DT","1","BT","44:19:41","78:17:58",240,,"ON",43.0103,314.8,"D","6M00C7W",6000,207
"1","T","010299654-001","Savoir media","Montreal","CFTU-DT","1","BT","45:30:11","73:36:56",140.9,,"QC",29.59041,85.7,"D","6M00C7W",6000,563
"1","T","010299667-001","Bell Media Inc.","Timmins","CITO-TV","1","BT","48:32:50","80:57:8",286,,"ON",50,143.7,"A","5M45C3FNN",6000,61.25
"1","T","010299668-001","Bell Media Inc.","Edmonton","CFRN-DT","1","BT","53:22:58","113:13:1",754.4,,"AB",43.9794,251.6,"D","6M00C7W",6000,207
"1","T","010299668-001","Bell Media Inc.","Edmonton","CFRN-DT-AX1","1","BT","53:22:58","113:13:1",754.4,,"AB",40,251.6,"D","6M00C7W",6000,207
"1","T","010299676-002","CBC/ Radio-Canada","Yellowknife","CFYK-DT","1","BT","62:26:47.55","114:21:35.78",183,,"NT",33.65488,57.9,"D","6M00C7W",6000,183
"1","T","010299676-002","CBC/ Radio-Canada","Yellowknife","CFYK-DT-AX1","1","BT","62:26:47.55","114:21:35.78",183,,"NT",24.31364,57.9,"D","6M00C7W",6000,183
"1","T","010299688-001","Bell Media Inc.","Hamilton","CHCJ-DT","1","BT","43:13:54","79:51:33",203,,"ON",55.91065,78,"D","6M00C7W",6000,599
"1","T","010299688-001","Bell Media Inc.","Hamilton","CHCJ-DT-AX1","1","BT","43:13:54","79:51:33",203,,"ON",49.91226,78,"D","6M00C7W",6000,599
"1","T","010299695-002","Corus Television Limited Partnership","Kelowna","CHKL-DT","1","BT","49:58:0","119:31:44",1290,,"BC",45.44068,15.8,"D","6M00C7W",6000,533
"1","T","010299695-002","Corus Television Limited Partnership","Kelowna","CHKL-DT-AX1","1","BT","49:58:0","119:31:44",1290,,"BC",37.78151,15.8,"D","6M00C7W",6000,533
"1","T","010299698-001","Bell Media Inc.","Sudbury","CICI-TV","1","BT","46:30:3","81:1:12",314.2,,"ON",50,297.2,"A","5M45C3FNN",6000,77.25
"1","T","010299702-001","Thunder Bay Electronics Limited","Thunder Bay","CHFD-DT","1","BT","48:31:27","89:6:53",487.7,,"ON",30.79181,198.6,"D","6M00C7W",6000,69
"1","T","010299702-001","Thunder Bay Electronics Limited","Thunder Bay","CHFD-DT-AX1","1","BT","48:26:30","89:14:3",243.8,,"ON",27.55875,68.6,"D","6M00C7W",6000,69
"1","T","010299709-002","Bell Media Inc.","Ottawa","CHRO-DT-43","1","BT","45:13:2.1","75:33:48.6",89,,"ON",46.31444,176.7,"D","6M00C7W",6000,599
"1","T","010299709-002","Bell Media Inc.","Ottawa","CHRO-DT-43AX","1","BT","45:13:2.1","75:33:48.6",89,,"ON",46.31444,176.7,"D","6M00C7W",6000,599
"1","T","010299712-001","Bell Media Inc.","Sault Ste Marie","CHBX-TV","1","BT","46:35:40","84:21:0",327.7,,"ON",50,141.7,"A","5M45C3FNN",6000,55.25
"1","T","010299716-001","Bell Media Inc.","Wheatley","CHWI-DT","1","BT","42:8:30","82:26:48",186,,"ON",35.31479,163.1,"D","6M00C7W",6000,485
"1","T","010299716-001","Bell Media Inc.","Wheatley","CHWI-DT-AX1","1","BT","42:8:30","82:26:48",186,,"ON",35.31479,163.1,"D","6M00C7W",6000,485
"1","T","010299722-001","Corus Television Limited Partnership","Halifax","CIHF-DT","1","BT","44:39:3","63:39:25",137,,"NS",30,166,"D","6M00C7W",6000,183
"1","T","010299722-001","Corus Television Limited Partnership","Halifax","CIHF-DT-AX1","1","BT","44:39:3","63:39:25",137,,"NS",30,166,"D","6M00C7W",6000,183
"1","T","010299729-001","Corus Television Limited Partnership","Edmonton","CITV-DT","1","BT","53:22:58","113:13:1",754.4,,"AB",43.9794,251.6,"D","6M00C7W",6000,213
"1","T","010299729-001","Corus Television Limited Partnership","Edmonton","CITV-DT-AX1","1","BT","53:22:58","113:13:1",754.4,,"AB",35.18514,251.6,"D","6M00C7W",6000,213
"1","T","010299732-001","Bell Media Inc.","Pembroke","CHRO-TV","1","BT","45:50:2","77:9:49",141,,"ON",50,165.2,"A","5M45C3FNN",6000,77.25
"1","T","010299735-002","Rogers Media Inc","Toronto","CITY-DT","1","BT","43:38:33","79:23:14",82,,"ON",46.93727,526,"D","6M00C7W",6000,497
"1","T","010299735-002","Rogers Media Inc","Toronto","CITY-DT-AX1","1","BT","43:38:56","79:22:54",85,,"ON",40.99335,341.5,"D","6M00C7W",6000,497
"1","T","010299743-002","Bell Media Inc.","Victoria","CIVI-DT","1","BT","48:25:30","123:20:13",65.3,,"BC",32.22716,56.1,"D","6M00C7W",6000,557
"1","T","010299743-002","Bell Media Inc.","Victoria","CIVI-DT-AX1","1","BT","48:25:30","123:20:13",65.3,,"BC",32.22716,56.1,"D","6M00C7W",6000,557
"1","T","010299747-002","Corus Television Limited Partnership","Calgary","CICT-DT","1","BT","51:4:21","114:15:38",1280,,"AB",45.56303,255,"D","6M00C7W",6000,539
"1","T","010299747-002","Corus Television Limited Partnership","Calgary","CICT-DT-AX1","1","BT","51:4:21","114:15:38",1280,,"AB",45.31479,255,"D","6M00C7W",6000,539
"1","T","010299752-001","Rogers Media Inc","Ottawa","CITY-DT-3","1","BT","45:13:1","75:33:50",89,,"ON",37.0757,215.1,"D","6M00C7W",6000,491
"1","T","010299759-001","Bell Media Inc.","Vancouver","CIVI-DT-2","1","BT","49:21:16","122:57:30",853.4,,"BC",45.44068,84.7,"D","6M00C7W",6000,491
"1","T","010299759-001","Bell Media Inc.","Vancouver","CIVI-DT-2AX1","1","BT","49:21:16","122:57:30",853.4,,"BC",39.08485,84.7,"D","6M00C7W",6000,491
"1","T","010299765-001","Societe de Telediffusion du Quebec (Tele-Quebec)","Sherbrooke","CIVS-DT","1","BT","45:18:43","72:14:30",843,,"QC",47.78151,37.6,"D","6M00C7W",6000,533
"1","T","010299765-001","Societe de Telediffusion du Quebec (Tele-Quebec)","Sherbrooke","CIVS-DT-AX1","1","BT","45:18:43","72:14:30",843,,"QC",44.91362,35.7,"D","6M00C7W",6000,533
"1","T","010299772-002","Bell Media Inc.","Halifax","CJCH-DT","1","BT","44:38:47.1","63:39:39.7",141.8,,"NS",55.62293,132.1,"D","6M00C7W",6000,479
"1","T","010299772-002","Bell Media Inc.","Halifax","CJCH-DT-AX1","1","BT","44:38:47.1","63:39:39.7",141.8,,"NS",45.44068,132.1,"D","6M00C7W",6000,479
"1","T","010299778-002","Bell Media Inc.","Ottawa","CJOH-DT","1","BT","45:30:11","75:51:1",359,,"ON",47.32394,207.3,"D","6M00C7W",6000,485
"1","T","010299778-002","Bell Media Inc.","Ottawa","CJOH-DT-AX1","1","BT","45:30:11","75:51:1",359,,"ON",47.32394,207.3,"D","6M00C7W",6000,485
"1","T","010299786-001","Bell Media Inc.","Regina","CKCK-DT","1","BT","50:26:59","104:30:5",579.1,,"SK",43.61728,200.8,"D","6M00C7W",6000,183
"1","T","010299786-001","Bell Media Inc.","Regina","CKCK-DT-AX1","1","BT","50:26:59","104:30:5",579.1,,"SK",39.4939,200.8,"D","6M00C7W",6000,183
"1","T","010299793-001","Bell Media Inc.","Kitchener","CKCO-DT","1","BT","43:24:15","80:38:4",437.4,,"ON",40.79181,200.6,"D","6M00C7W",6000,213
"1","T","010299793-001","Bell Media Inc.","Kitchener","CKCO-DT-AX1","1","BT","43:24:15","80:38:4",437.4,,"ON",40.79181,200.6,"D","6M00C7W",6000,213
"1","T","010299799-001","Bell Media Inc.","Moncton","CKCW-DT","1","BT","45:51:7","64:48:45",405.4,,"NB",55.91065,102.1,"D","6M00C7W",6000,563
"1","T","010299799-001","Bell Media Inc.","Moncton","CKCW-DT-AX1","1","BT","45:51:7","64:48:45",405.4,,"NB",45.91065,102.1,"D","6M00C7W",6000,563
"1","T","010299808-001","Bell Media Inc.","Charlottetown","CKCW-DT-1","1","BT","46:16:1","63:20:28",114.3,,"PE",39.82271,83.7,"D","6M00C7W",6000,183
"1","T","010299808-001","Bell Media Inc.","Charlottetown","CKCW-DT-1AX1","1","BT","46:16:1","63:20:28",114.3,,"PE",39.82271,83.7,"D","6M00C7W",6000,183
"1","T","010299814-001","Bell Media Inc.","Saint John","CKLT-DT","1","BT","45:28:39","66:13:59",443.5,,"NB",38.80814,109.1,"D","6M00C7W",6000,189
"1","T","010299814-001","Bell Media Inc.","Saint John","CKLT-DT-AX1","1","BT","45:28:39","66:13:59",443.5,,"NB",38.80814,109.1,"D","6M00C7W",6000,189
"1","T","010299821-001","Corus Television Limited Partnership","Montreal","CKMI-DT-1","1","BT","45:30:20","73:35:30",225.9,,"QC",39.0309,101.1,"D","6M00C7W",6000,479
"1","T","010299821-001","Corus Television Limited Partnership","Montreal","CKMI-DT-1AX1","1","BT","45:30:20","73:35:30",225.9,,"QC",39.0309,61,"D","6M00C7W",6000,479
"1","T","010299828-001","Thunder Bay Electronics Limited","Thunder Bay","CKPR-DT","1","BT","48:31:27","89:6:53",487.7,,"ON",30.79181,198.6,"D","6M00C7W",6000,57
"1","T","010299828-001","Thunder Bay Electronics Limited","Thunder Bay","CKPR-DT-AX1","1","BT","48:26:30","89:14:3",243.8,,"ON",27.48188,68.6,"D","6M00C7W",6000,57
"1","T","010299834-001","CBC Radio-Canada","Trois-Rivieres","CKTM-DT","1","BT","46:30:7","72:38:10",183,,"QC",46.84863,224,"D","6M00C7W",6000,557
"1","T","010299834-001","CBC Radio-Canada","Trois-Rivieres","CKTM-DT-AX1","1","BT","46:30:7","72:38:10",183,,"QC",37.50045,224,"D","6M00C7W",6000,557
"1","T","010299842-001","CBC Radio-Canada","Saguenay","CKTV-DT","1","BT","48:36:4","70:49:44",908.2,,"QC",38.51258,168.2,"D","6M00C7W",6000,207
"1","T","010299842-001","CBC Radio-Canada","Saguenay","CKTV-DT-AX1","1","BT","48:36:4","70:49:44",908.2,,"QC",32.76462,168.2,"D","6M00C7W",6000,207
"1","T","010299849-003","Bell Media Inc.","Barrie","CKVR-DT","1","BT","44:20:59.6","79:41:50.4",312,,"ON",40.41393,281.3,"D","6M00C7W",6000,189
"1","T","010299849-003","Bell Media Inc.","Barrie","CKVR-DT-AX1","1","BT","44:20:59.6","79:41:50.4",312,,"ON",38.97627,281.3,"D","6M00C7W",6000,189
"1","T","010299856-001","Bell Media Inc.","Winnipeg","CKY-DT","1","BT","49:34:48","97:10:5",236.2,,"MB",43.80211,271.5,"D","6M00C7W",6000,177
"1","T","010299856-001","Bell Media Inc.","Winnipeg","CKY-DT-AX1","1","BT","49:34:48","97:10:5",236.2,,"MB",39.82271,271.5,"D","6M00C7W",6000,177
"1","T","010299865-001","CBC/ Radio-Canada","Ottawa","CBOT-DT","1","BT","45:30:11","75:51:1",350.5,,"ON",54.93437,207.3,"D","6M00C7W",6000,539
"1","T","010299865-001","CBC/ Radio-Canada","Ottawa","CBOT-DT-AX1","1","BT","45:30:11","75:51:1",350.5,,"ON",51.83264,207.3,"D","6M00C7W",6000,539
"1","T","010299870-001","Tele Inter-Rives Ltee","Edmundston","CIMT-DT-1","1","BT","47:23:16","68:19:1",349,,"NB",33.46353,27.4,"D","6M00C7W",6000,69
"1","T","010299875-003","Crossroads Television System","Hamilton","CITS-DT","1","BT","43:18:13.7","79:57:40.1",235,,"ON",58.39667,293,"D","6M00C7W",6000,473
"1","T","010299879-001","Rogers Media Inc","Portage La Prairie","CHMI-DT","1","BT","49:52:26","97:44:27",240,,"MB",39.19078,325.8,"D","6M00C7W",6000,213
"1","T","010299883-001","Societe de Telediffusion du Quebec (Tele-Quebec)","Carleton","CIVK-DT","1","BT","48:8:8","66:6:58",545.8,,"QC",51.46128,58.6,"D","6M00C7W",6000,479
"1","T","010299890-001","CBC Radio-Canada","Moncton","CBAFT-DT","1","BT","46:8:37.43","64:54:8.34",181.9,,"NB",42.49198,122.9,"D","6M00C7W",6000,201
"1","T","010299890-001","CBC Radio-Canada","Moncton","CBAFT-DT-AX1","1","BT","46:8:37.43","64:54:8.34",181.9,,"NB",33.46353,122.9,"D","6M00C7W",6000,201
"1","T","010299897-002","CBC/ Radio-Canada","Charlottetown","CBCT-DT","1","BT","46:12:44.27","63:20:30.13",94,,"PE",41.14944,208.2,"D","6M00C7W",6000,213
"1","T","010299897-002","CBC/ Radio-Canada","Charlottetown","CBCT-DT-AX1","1","BT","46:12:44.27","63:20:30.13",94,,"PE",31.84691,208.2,"D","6M00C7W",6000,213
"1","T","010299902-002","Corus Television Limited Partnership","Saskatoon","CFSK-DT","1","BT","52:10:28","106:26:3",594,,"SK",42.55273,126,"D","6M00C7W",6000,509
"1","T","010299904-001","Bell Media Inc.","Florenceville","CKLT-TV-1","1","BT","46:25:13","67:33:34",312.4,,"NB",45.44068,33.5,"A","5M45C3FNN",6000,61.25
"1","T","010299907-002","Bell Media Inc.","Saguenay","CFRS-DT","1","BT","48:36:4","70:49:44",907.8,,"QC",36.3789,163.6,"D","6M00C7W",6000,213
"1","T","010299912-001","Crossroads Television System","Calgary","CKCS-DT","1","BT","51:3:37","114:10:17",1195.7,,"AB",45.56303,145.5,"D","6M00C7W",6000,581
"1","T","010299917-001","Crossroads Television System","Edmonton","CKES-DT","1","BT","53:27:47","113:20:7",733,,"AB",46.23249,158,"D","6M00C7W",6000,569
"1","T","010299921-003","Crossroads Television System","London","CITS-DT-2","1","BT","42:57:16","81:21:17",283.6,,"ON",33.0103,291.5,"D","6M00C7W",6000,503
"1","T","010299925-002","Corus Television Limited Partnership","Ottawa","CIII-DT-6","1","BT","45:30:11","75:51:1",350.5,,"ON",51.61368,178.6,"D","6M00C7W",6000,473
"1","T","010299931-001","CBC Radio-Canada","Montreal","CBFT-DT","1","BT","45:30:20","73:35:30",225.9,,"QC",55.71359,101.1,"D","6M00C7W",6000,503
"1","T","010299931-001","CBC Radio-Canada","Montreal","CBFT-DT-AX","1","BT","45:30:20","73:35:30",225.9,,"QC",56.15424,96.7,"D","6M00C7W",6000,503
"1","T","010299937-002","CBC/ Radio-Canada","Halifax","CBHT-DT","1","BT","44:39:3","63:39:25",135,,"NS",49.17085,186.2,"D","6M00C7W",6000,581
"1","T","010299937-002","CBC/ Radio-Canada","Halifax","CBHT-DT-AX1","1","BT","44:39:3","63:39:25",135,,"NS",39.96074,186.2,"D","6M00C7W",6000,581
"1","T","010299937-003","CBC/ Radio-Canada","Halifax","CBHT-DT","1","BT","44:39:3","63:39:25",135,,"NS",49.17085,186.2,"D","6M00C7W",6000,581
"1","T","010299937-003","CBC/ Radio-Canada","Halifax","CBHT-DT-AX1","1","BT","44:39:3","63:39:25",135,,"NS",39.98085,186.2,"D","6M00C7W",6000,581
"1","T","010299937-003","CBC/ Radio-Canada","Halifax","CBHT-DT-AX2","1","BT","44:39:3","63:39:25",135,,"NS",44.55697,98,"D","6M00C7W",6000,581
"1","T","010299937-003","CBC/ Radio-Canada","Halifax","CBHT-DT-AX3","1","BT","44:39:3","63:39:25",135,,"NS",35.58829,98,"D","6M00C7W",6000,581
"1","T","010299940-001","Pattison Media Ltd.","Clinton","CFJC-TV-4","1","BT","51:5:36","121:39:57",1990.3,,"BC",23.0963,8,"A","5M45C3FNN",6000,187.25
"1","T","010299940-001","Pattison Media Ltd.","Clinton","CFJC-TV-4AX1","1","BT","51:5:36","121:39:57",1990.3,,"BC",9.4939,8,"A","5M45C3FNN",6000,187.25
"1","T","010299945-003","CBC Radio-Canada","Regina","CBKFT-DT","1","BT","50:28:58.12","104:30:21.24",599,,"SK",46.11298,152,"D","6M00C7W",6000,213
"1","T","010299945-003","CBC Radio-Canada","Regina","CBKFT-DT-AX1","1","BT","50:28:58.12","104:30:21.24",599,,"SK",35.47652,152,"D","6M00C7W",6000,213
"1","T","010299950-003","CBC/ Radio-Canada","Regina","CBKT-DT","1","BT","50:28:58.12","104:30:21.24",599,,"SK",48.47134,152,"D","6M00C7W",6000,189
"1","T","010299950-003","CBC/ Radio-Canada","Regina","CBKT-DT-AX1","1","BT","50:28:58.12","104:30:21.24",599,,"SK",38.80985,152,"D","6M00C7W",6000,189
"1","T","010299952-003","Bell Media Inc.","Fort St John","CJDC-TV-1","1","BT","56:16:44.6","121:2:40.4",853.4,,"BC",28.19544,59.4,"A","5M45C3FNN",6000,187.25
"1","T","010299957-001","CBC/ Radio-Canada","Montreal","CBMT-DT","1","BT","45:30:20","73:35:30",225.9,,"QC",55.59907,101.1,"D","6M00C7W",6000,515
"1","T","010299957-001","CBC/ Radio-Canada","Montreal","CBMT-DT-AX","1","BT","45:30:20","73:35:30",225.9,,"QC",56.04766,96.7,"D","6M00C7W",6000,515
"1","T","010299965-002","CBC/ Radio-Canada","Calgary","CBRT-DT","1","BT","51:3:54","114:12:51",1241,,"AB",55.72174,256.3,"D","6M00C7W",6000,515
"1","T","010299965-002","CBC/ Radio-Canada","Calgary","CBRT-DT-AX1","1","BT","51:3:54","114:12:51",1241,,"AB",43.20146,182,"D","6M00C7W",6000,515
"1","T","010299965-002","CBC/ Radio-Canada","Calgary","CBRT-DT-AX2","1","BT","51:3:54","114:12:51",1241,,"AB",48.27369,256.3,"D","6M00C7W",6000,515
"1","T","010299965-002","CBC/ Radio-Canada","Calgary","CBRT-DT-AX3","1","BT","51:3:54","114:12:51",1241,,"AB",50.64832,182,"D","6M00C7W",6000,515
"1","T","010299973-001","CBC Radio-Canada","Vancouver","CBUFT-DT","1","BT","49:21:13","122:57:23",845.8,,"BC",44.39648,84.7,"D","6M00C7W",6000,545
"1","T","010299973-001","CBC Radio-Canada","Vancouver","CBUFT-DT-AX1","1","BT","49:21:13","122:57:23",845.8,,"BC",38.97627,84.7,"D","6M00C7W",6000,545
"1","T","010299980-003","CBC/ Radio-Canada","Vancouver","CBUT-DT","1","BT","49:21:13","122:57:23",842,,"BC",49.46943,84.7,"D","6M00C7W",6000,599
"1","T","010299980-003","CBC/ Radio-Canada","Vancouver","CBUT-DT-AX1","1","BT","49:21:13","122:57:23",842,,"BC",45.7395,84.7,"D","6M00C7W",6000,599
"1","T","010299987-003","CBC/ Radio-Canada","Edmonton","CBXT-DT","1","BT","53:30:48","113:17:6",737,,"AB",49.58086,205.7,"D","6M00C7W",6000,539
"1","T","010299987-003","CBC/ Radio-Canada","Edmonton","CBXT-DT-AX1","1","BT","53:30:48","113:17:6",737,,"AB",43.38974,205.7,"D","6M00C7W",6000,539
"1","T","010299987-003","CBC/ Radio-Canada","Edmonton","CBXT-DT-AX2","1","BT","53:30:48","113:17:6",737,,"AB",46.53859,132.5,"D","6M00C7W",6000,539
"1","T","010299995-001","Bell Media Inc.","Calgary","CFCN-DT","1","BT","51:3:37","114:10:17",1195.7,,"AB",53.42423,146,"D","6M00C7W",6000,563
"1","T","010299995-001","Bell Media Inc.","Calgary","CFCN-DT-AX1","1","BT","51:3:37","114:10:17",1195.7,,"AB",43.42423,146,"D","6M00C7W",6000,563
"1","T","010300002-001","Bell Media Inc.","Lethbridge","CFCN-DT-5","1","BT","49:43:59","112:57:40",937.3,,"AB",44.31364,161.2,"D","6M00C7W",6000,213
"1","T","010300002-001","Bell Media Inc.","Lethbridge","CFCN-DT-5AX1","1","BT","49:43:59","112:57:40",937.3,,"AB",40.41393,161.2,"D","6M00C7W",6000,213
"1","T","010300010-002","Bell Media Inc.","Sherbrooke","CFKS-DT","1","BT","45:18:43","72:14:30",843,,"QC",36.65581,37.6,"D","6M00C7W",6000,569
"1","T","010300010-002","Bell Media Inc.","Sherbrooke","CFKS-DT-AX1","1","BT","45:18:43","72:14:30",843,,"QC",33.78398,35.7,"D","6M00C7W",6000,569
"1","T","010300017-002","Rogers Media Inc","Toronto","CFMT-DT","1","BT","43:38:33","79:23:14",82,,"ON",42.0412,526,"D","6M00C7W",6000,569
"1","T","010300017-002","Rogers Media Inc","Toronto","CFMT-DT-AX1","1","BT","43:38:56","79:22:54",85,,"ON",41.34177,341.5,"D","6M00C7W",6000,569
"1","T","010300024-001","Bell Media Inc.","London","CFPL-DT","1","BT","42:56:59","81:15:52",278.6,,"ON",46.53213,283.2,"D","6M00C7W",6000,195
"1","T","010300024-001","Bell Media Inc.","London","CFPL-DT-AX1","1","BT","42:56:59","81:15:52",278.6,,"ON",41.13943,283.2,"D","6M00C7W",6000,195
"1","T","010300033-001","Corus Television Limited Partnership","Regina","CFRE-DT","1","BT","50:35:44","105:4:12",567,,"SK",42.40549,291.4,"D","6M00C7W",6000,201
"1","T","010300033-001","Corus Television Limited Partnership","Regina","CFRE-DT-AX1","1","BT","50:35:44","105:4:12",567,,"SK",34.14973,291.4,"D","6M00C7W",6000,201
"1","T","010300038-002","Television MBS inc.","Riviere-du-Loup","CFTF-DT","1","BT","47:34:37","69:22:58",651,,"QC",38.45098,61,"D","6M00C7W",6000,177
"1","T","010300044-001","Rogers Media Inc","Vancouver","CHNM-DT","1","BT","49:21:26","122:57:13",940.3,,"BC",39.19078,40.6,"D","6M00C7W",6000,509
"1","T","010300044-002","Rogers Media Inc","Vancouver","CHNM-DT","1","BT","49:21:13","122:57:23",848.3,,"BC",39.19078,84.7,"D","6M00C7W",6000,509
"1","T","010300048-001","Rogers Media Inc","Vancouver","CKVU-DT","1","BT","49:21:26","122:57:13",940.3,,"BC",39.19078,40.6,"D","6M00C7W",6000,587
"1","T","010300048-002","Rogers Media Inc","Vancouver","CKVU-DT","1","BT","49:21:13","122:57:23",848.3,,"BC",37.40363,84.7,"D","6M00C7W",6000,587
"1","T","010300052-002","Groupe TVA Inc.","Montreal","CFTM-DT","1","BT","45:30:20","73:35:30",227,,"QC",40.41393,99,"D","6M00C7W",6000,201
"1","T","010300058-002","Groupe TVA Inc.","Quebec","CFCM-DT","1","BT","46:48:27","71:13:0",90,,"QC",49.0309,155,"D","6M00C7W",6000,491
"1","T","010300062-002","RNC Media Inc.","Gatineau","CHOT-DT","1","BT","45:30:11","75:51:1",359,,"QC",49.77724,142.3,"D","6M00C7W",6000,581
"1","T","010300068-001","RNC Media Inc.","Val d'Or","CFEM-DT-1","1","BT","48:25:17","77:50:48",400,,"QC",43.42423,160,"D","6M00C7W",6000,195
"1","T","010300073-002","CBC Radio-Canada","Quebec","CBVT-DT","1","BT","46:49:22","71:29:43",481,,"QC",55.58349,159.4,"D","6M00C7W",6000,539
"1","T","010300073-002","CBC Radio-Canada","Quebec","CBVT-DT-AX1","1","BT","46:49:22","71:29:43",481,,"QC",37.48188,140.5,"D","6M00C7W",6000,539
"1","T","010300079-002","Corus Television Limited Partnership","Kamloops","CHKM-DT","1","BT","50:40:15","120:23:55",886,,"BC",44.77121,28,"D","6M00C7W",6000,521
"1","T","010300079-002","Corus Television Limited Partnership","Kamloops","CHKM-DT-AX1","1","BT","50:40:15","120:23:55",886,,"BC",40.53078,28,"D","6M00C7W",6000,521
"1","T","010300083-001","Corus Television Limited Partnership","Prince George","CIFG-DT","1","BT","53:54:48","122:27:15",1251,,"BC",44.77121,27,"D","6M00C7W",6000,563
"1","T","010300093-001","2190015 Ontario Inc.","Ottawa","CHCH-DT-1","1","BT","45:13:1","75:33:50",89,,"ON",43.9794,215.1,"D","6M00C7W",6000,521
"1","T","010300097-002","2190015 Ontario Inc.","London","CHCH-DT-2","1","BT","42:50:27","81:51:29",217,,"ON",48.32509,272.2,"D","6M00C7W",6000,473
"1","T","010300107-002","Corus Television Limited Partnership","Chilliwack","CHAN-DT-1","1","BT","49:4:11","122:1:38",585,,"BC",26.31444,15,"D","6M00C7W",6000,575
"1","T","010300113-002","Bell Media Radio G.P.","Dawson Creek","CJDC-TV","1","BT","55:43:46","120:26:40",944.9,,"BC",39.77724,128,"A","5M45C3FNN",6000,77.25
"1","T","010300143-001","Tele Inter-Rives Ltee","Riviere-du-Loup","CIMT-DT","1","BT","47:34:38","69:22:56",652.6,,"QC",44.39333,69.6999999999999,"D","6M00C7W",6000,189
"1","T","010300147-002","Groupe TVA Inc.","Trois-Rivieres","CHEM-DT","1","BT","46:30:7","72:38:9",185,,"QC",40.60698,200.7,"D","6M00C7W",6000,189
"1","T","010300152-002","Groupe TVA Inc.","Sherbrooke","CHLT-DT","1","BT","45:18:43","72:14:30",843,,"QC",36.0206,32,"D","6M00C7W",6000,183
"1","T","010300156-002","Corus Television Limited Partnership","Winnipeg","CKND-DT","1","BT","49:53:44","97:8:22",231,,"MB",41.97281,132.6,"D","6M00C7W",6000,503
"1","T","010300161-001","Television MBS inc.","Forestville","CFTF-DT-4","1","BT","48:48:32","69:0:26",159,,"QC",32.78754,65,"D","6M00C7W",6000,69
"1","T","010300165-001","Corus Television Limited Partnership","Wolfville","CIHF-DT-5","1","BT","45:2:39","64:21:19",222,,"NS",52.20108,100,"D","6M00C7W",6000,509
"1","T","010300170-002","Rogers Media Inc","Edmonton","CJEO-DT","1","BT","53:31:55","113:46:53",713,,"AB",45.0515,267,"D","6M00C7W",6000,485
"1","T","010300174-001","Bell Media Inc.","Saskatoon","CFQC-DT","1","BT","52:11:30","106:23:15",597.4,,"SK",41.13943,193.2,"D","6M00C7W",6000,183
"1","T","010300180-001","Groupe TVA Inc.","Rimouski","CFER-DT","1","BT","48:28:2","68:12:39",571.5,,"QC",35.16535,57.7,"D","6M00C7W",6000,201
"1","T","010300189-002","Burns Lake & District Rebroadcasting Society","Ootsa Lake","CHBL-TV","1","BT","53:52:18","126:0:45",1173,,"BC",22.09515,15,"A","5M45C3FNN",6000,199.25
"1","T","010300199-001","CBC Radio-Canada","Ottawa","CBOFT-DT","1","BT","45:30:11","75:51:1",350.5,,"ON",53.76022,207.3,"D","6M00C7W",6000,587
"1","T","010300199-001","CBC Radio-Canada","Ottawa","CBOFT-DT-AX1","1","BT","45:30:11","75:51:1",350.5,,"ON",47.36173,207.3,"D","6M00C7W",6000,587
"1","T","010300207-001","CBC/ Radio-Canada","St John's","CBNT-DT-AX1","1","BT","47:32:4","52:47:21",250.7,,"NL",33.20146,103.6,"D","6M00C7W",6000,183
"1","T","010300207-001","CBC/ Radio-Canada","St. John's","CBNT-DT","1","BT","47:32:4","52:47:21",250.7,,"NL",42.32996,103.6,"D","6M00C7W",6000,183
"1","T","010300218-001","CHAU-TV Communications Ltee","Chandler","CHAU-DT-4","1","BT","48:21:22","64:41:3",26,,"QC",22.64818,42.4,"D","6M00C7W",6000,545
"1","T","010300222-001","CHAU-TV Communications Ltee","Riviere-au-Renard","CHAU-DT-7","1","BT","48:59:51","64:25:53",321,,"QC",29.95635,40.2,"D","6M00C7W",6000,69
"1","T","010300228-001","CHAU-TV Communications Ltee","L'Anse-a-Valleau","CHAU-DT-9","1","BT","49:4:27","64:32:12",152,,"QC",18.75061,29,"D","6M00C7W",6000,207
"1","T","010300238-001","Pattison Media Ltd.","100 Mile House","CFJC-TV-6","1","BT","51:54:0","121:15:35",1645.9,,"BC",29.91226,14.8999999999999,"A","5M45C3FNN",6000,77.25
"1","T","010300251-001","Societe de Telediffusion du Quebec (Tele-Quebec)","Val d'Or","CIVA-DT","1","BT","48:25:17","77:50:48",400,,"QC",43.42423,160,"D","6M00C7W",6000,207
"1","T","010300255-001","Societe de Telediffusion du Quebec (Tele-Quebec)","Rouyn-Noranda","CIVA-DT-1","1","BT","48:15:51","79:2:39",342,,"QC",42.78754,190.5,"D","6M00C7W",6000,183
"1","T","010300261-002","Societe de Telediffusion du Quebec (Tele-Quebec)","Perce","CIVK-DT-2","1","BT","48:31:38","64:14:37",381,,"QC",25.62293,64,"D","6M00C7W",6000,491
"1","T","010300269-002","2190015 Ontario Inc.","Muskoka","CHCH-DT-3","1","BT","44:58:14","79:46:57",200,,"ON",48.26723,310,"D","6M00C7W",6000,557
"1","T","010300275-001","Rogers Media Inc","Victoria","CKVU-DT-2","1","BT","48:25:30","123:20:13",36,,"BC",34.39333,83.7,"D","6M00C7W",6000,551
"1","T","010300279-001","Rogers Media Inc","Victoria","CHNM-DT-1","1","BT","48:25:30","123:20:13",36,,"BC",34.39333,83.7,"D","6M00C7W",6000,563
"1","T","010300284-001","ZoomerMedia Limited","Victoria","CHNU-DT-1","1","BT","48:25:30","123:20:13",36,,"BC",35.44068,83.7,"D","6M00C7W",6000,515
"1","T","010300289-003","ZoomerMedia Limited","Fraser Valley","CHNU-DT","1","BT","49:21:16","122:57:30",853.4,,"BC",45.4407,84.7,"D","6M00C7W",6000,533
"1","T","010300293-002","The Ontario Educational Communications Authority","Chatham","CICO-DT-59","1","BT","42:26:58","82:5:1",185.3,,"ON",30,218.9,"D","6M00C7W",6000,593
"1","T","010300298-001","Bell Media Inc.","Montreal","CFCF-DT","1","BT","45:30:20","73:35:30",226.8,,"QC",40.25306,100.2,"D","6M00C7W",6000,207
"1","T","010300303-002","Bell Media Inc.","Quebec","CFAP-DT","1","BT","46:48:27","71:13:0",92,,"QC",43.30414,154,"D","6M00C7W",6000,599
"1","T","010300308-003","Rogers Media Inc","London","CFMT-DT-1","1","BT","42:57:16","81:21:17",282,,"ON",42.38046,175.3,"D","6M00C7W",6000,563
"1","T","010300314-001","Corus Television Limited Partnership","Lethbridge","CISA-DT","1","BT","49:46:47","112:52:18",914.4,,"AB",42.94466,195,"D","6M00C7W",6000,177
"1","T","010300318-002","The Ontario Educational Communications Authority","Belleville","CICO-DT-53","1","BT","44:18:51","77:12:27",163,,"ON",40.37426,172.7,"D","6M00C7W",6000,521
"1","T","010300322-002","The Ontario Educational Communications Authority","Cloyne","CICO-DT-92","1","BT","44:52:48","77:11:51",325,,"ON",38.72739,145.2,"D","6M00C7W",6000,515
"1","T","010300327-002","Corus Television Limited Partnership","Toronto","CIII-DT-41","1","BT","43:38:33","79:23:14",82,,"ON",47.76701,526,"D","6M00C7W",6000,491
"1","T","010300332-002","Corus Television Limited Partnership","Midland","CIII-DT-7","1","BT","44:58:14","79:46:57",200,,"ON",37.78151,350,"D","6M00C7W",6000,201
"1","T","010300337-001","ZoomerMedia Limited","Winnipeg","CIIT-DT","1","BT","49:45:20","97:7:53",231.2,,"MB",37.78151,241,"D","6M00C7W",6000,599
"1","T","010300342-002","Bell Media Inc.","Montreal","CFJP-DT","1","BT","45:30:20","73:35:30",225.9,,"QC",42.48219,101.1,"D","6M00C7W",6000,599
"1","T","010300346-001","Societe de Telediffusion du Quebec (Tele-Quebec)","Montreal","CIVM-DT","1","BT","45:33:34","73:33:9",26,,"QC",54.29752,174,"D","6M00C7W",6000,545
"1","T","010300350-002","2190015 Ontario Inc.","Hamilton","CHCH-DT","1","BT","43:18:13.7","79:57:40.1",235,,"ON",56.59441,293,"D","6M00C7W",6000,479
"1","T","010300350-002","2190015 Ontario Inc.","Hamilton","CHCH-DT-AX1","1","BT","43:18:13.7","79:57:40.1",235,,"ON",49.70951,293,"D","6M00C7W",6000,479
"1","T","010300354-001","Societe de Telediffusion du Quebec (Tele-Quebec)","Gascons","CIVK-DT-1","1","BT","48:12:41","64:52:14",167.6,,"QC",52.55273,114.3,"D","6M00C7W",6000,581
"1","T","010300359-001","Societe de Telediffusion du Quebec (Tele-Quebec)","Rimouski","CIVB-DT","1","BT","48:28:2","68:12:39",571.5,,"QC",51.33539,77.4,"D","6M00C7W",6000,521
"1","T","010300367-001","CHAU-TV Communications Ltee","Perce","CHAU-DT-5","1","BT","48:31:36","64:14:37",370,,"QC",40.15988,57.9,"D","6M00C7W",6000,201
"1","T","010300373-001","The Miracle Channel Association","Lethbridge","CJIL-DT","1","BT","49:46:47","112:52:18",915.6,,"AB",39.34498,129,"D","6M00C7W",6000,491
"1","T","010300382-002","4517466 Canada Inc.","Montreal","CFHD-DT","1","BT","45:30:12","73:35:47",181,,"QC",36.05305,39,"D","6M00C7W",6000,575
"1","T","010300386-001","CBC Radio-Canada","Toronto","CBLFT-DT","1","BT","43:38:33","79:23:14",82,,"ON",50.26125,515.8,"D","6M00C7W",6000,539
"1","T","010300386-001","CBC Radio-Canada","Toronto","CBLFT-DT-AX","1","BT","43:38:33","79:23:14",82,,"ON",46.30855,515.8,"D","6M00C7W",6000,539
"1","T","010300390-001","Corus Television Limited Partnership","Quebec","CKMI-DT","1","BT","46:49:22","71:29:43",481,,"QC",42.55273,90,"D","6M00C7W",6000,509
"1","T","010300394-002","Rogers Media Inc","Woodstock","CITY-DT-2","1","BT","43:2:46","80:46:4",350.5,,"ON",43.0103,237.7,"D","6M00C7W",6000,575
"1","T","010300399-001","Rogers Media Inc","Ottawa","CJMT-DT-2","1","BT","45:13:1","75:33:50",89,,"ON",41.76091,202,"D","6M00C7W",6000,509
"1","T","010300404-001","Corus Television Limited Partnership","Red Deer","CITV-DT-1","1","BT","52:16:35","113:41:26",991,,"AB",51.20574,175.5,"D","6M00C7W",6000,557
"1","T","010300404-001","Corus Television Limited Partnership","Red Deer","CITV-DT-1-AX","1","BT","52:16:35","113:41:26",991,,"AB",41.64353,175.5,"D","6M00C7W",6000,557
"1","T","010300413-001","RNC Media Inc.","Rouyn-Noranda","CFEM-DT","1","BT","48:15:51","79:2:39",342,,"QC",43.42423,190.5,"D","6M00C7W",6000,213
"1","T","010300427-002","Crossroads Television System","Ottawa","CITS-DT-1","1","BT","45:13:1","75:33:50",89.9,,"ON",43.13867,202,"D","6M00C7W",6000,479
"1","T","010300431-002","0859291 BC Ltd., A.K.A., CHEK Media Group","Victoria","CHEK-DT","1","BT","48:46:28.3","123:10:16",396.2,,"BC",42.14844,95.3,"D","6M00C7W",6000,485
"1","T","010300431-002","0859291 BC Ltd., A.K.A., CHEK Media Group","Victoria","CHEK-DT-AX1","1","BT","48:46:28.3","123:10:16",396.2,,"BC",42.0412,95.3,"D","6M00C7W",6000,485
"1","T","010300436-001","RNC Media Inc.","Gatineau","CFGS-DT","1","BT","45:30:11","75:51:1",359,,"QC",44.77121,142.3,"D","6M00C7W",6000,593
"1","T","010300440-001","RNC Media Inc.","Val d'Or","CFVS-DT","1","BT","48:25:17","77:50:48",400,,"QC",47.16003,141.8,"D","6M00C7W",6000,539
"1","T","010300445-001","RNC Media Inc.","Rouyn-Noranda","CFVS-DT-1","1","BT","48:15:51","79:2:39",342,,"QC",45.0515,135.5,"D","6M00C7W",6000,509
"1","T","010300450-002","Corus Television Limited Partnership","Stevenson","CIII-DT-22","1","BT","42:3:41","82:29:5",179,,"ON",45.56303,113.6,"D","6M00C7W",6000,587
"1","T","010300454-002","Corus Television Limited Partnership","Fredericton","CIHF-DT-1","1","BT","46:2:26","66:29:24",183,,"NB",39.44483,74.5,"D","6M00C7W",6000,485
"1","T","010300460-002","Rogers Media Inc","Calgary","CKAL-DT","1","BT","51:4:21","114:15:38",1279,,"AB",50.49218,255,"D","6M00C7W",6000,509
"1","T","010300464-001","Corus Television Limited Partnership","Moncton","CIHF-DT-3","1","BT","45:48:33","64:44:56",381,,"NB",49.34498,110,"D","6M00C7W",6000,551
"1","T","010300468-002","Corus Television Limited Partnership","Charlottetown","CIHF-DT-14","1","BT","46:21:52","63:24:36",114,,"PE",36.28389,85,"D","6M00C7W",6000,539
"1","T","010300473-002","Corus Television Limited Partnership","Sherbrooke","CKMI-DT-2","1","BT","45:18:43","72:14:30",843,,"QC",26.76694,58.3,"D","6M00C7W",6000,195
"1","T","010300478-002","Stingray Radio Inc","Lloydminster","CITL-DT","1","BT","53:23:47","110:0:30",647.7,,"AB",39.59041,198.4,"D","6M00C7W",6000,69
"1","T","010300483-002","Television MBS inc.","Rimouski","CFTF-DT-12","1","BT","48:25:38","68:29:14",204,,"QC",25.56303,26,"D","6M00C7W",6000,497
"1","T","010300487-002","Bell Media Inc.","Trois-Rivieres","CFKM-DT","1","BT","46:29:27","72:38:58",172,,"QC",39.54243,314.3,"D","6M00C7W",6000,593
"1","T","010300488-001","Bell Media Radio G.P.","Terrace","CFTK-TV","1","BT","54:31:4","128:28:21",1011.9,,"BC",41.39879,22.9,"A","5M45C3FNN",6000,61.25
"1","T","010300491-001","Rogers Media Inc","Ottawa","CFMT-DT-2","1","BT","45:13:1","75:33:50",89,,"ON",41.76091,202,"D","6M00C7W",6000,551
"1","T","010300497-001","Corus Television Limited Partnership","Vancouver","CHAN-DT","1","BT","49:21:26","122:57:13",940.3,,"BC",46.0206,40.6,"D","6M00C7W",6000,521
"1","T","010300497-002","Corus Television Limited Partnership","Vancouver","CHAN-DT","1","BT","49:20:42","122:58:22",573,,"BC",50.9691,33.9,"D","6M00C7W",6000,521
"1","T","010300497-002","Corus Television Limited Partnership","Vancouver","CHAN-DT-AX1","1","BT","49:20:42","122:58:22",573,,"BC",39.08485,33.9,"D","6M00C7W",6000,521
"1","T","010300501-001","Corus Television Limited Partnership","Saint John","CHNB-DT","1","BT","45:28:40","66:14:0",443.5,,"NB",37.78151,21.8,"D","6M00C7W",6000,207
"1","T","010300511-001","Societe de Telediffusion du Quebec (Tele-Quebec)","Saguenay","CIVV-DT","1","BT","48:36:4","70:49:44",907.8,,"QC",49.28908,163.6,"D","6M00C7W",6000,183
"1","T","010300517-001","Societe de Telediffusion du Quebec (Tele-Quebec)","Quebec","CIVQ-DT","1","BT","46:48:27","71:13:0",86.9,,"QC",52.87802,175.6,"D","6M00C7W",6000,479
"1","T","010300521-001","Corus Television Limited Partnership","Courtenay","CHAN-DT-4","1","BT","49:44:54","125:14:58",998,,"BC",36.4836,21,"D","6M00C7W",6000,539
"1","T","010300542-001","Corus Television Limited Partnership","Minnedosa","CKND-DT-2","1","BT","50:17:0","100:6:39",602,,"MB",44.843,355,"D","6M00C7W",6000,189
"1","T","010300549-001","Bell Media Inc.","Peterborough","CFTO-DT-54","1","BT","44:26:44","78:31:59",280,,"ON",45.79784,159.5,"D","6M00C7W",6000,599
"1","T","010300552-002","Stingray Radio Inc","Lloydminster","CKSA-DT","1","BT","53:23:47","110:0:30",647.7,,"AB",39.08485,198.4,"D","6M00C7W",6000,57
"1","T","010300555-002","Rogers Media Inc","Calgary","CJCO-DT","1","BT","51:4:21","114:15:38",1279,,"AB",43.63612,255,"D","6M00C7W",6000,593
"1","T","010300559-002","Rogers Media Inc","Lethbridge","CKAL-DT-1","1","BT","49:40:57","112:55:38",937,,"AB",47.67156,178,"D","6M00C7W",6000,563
"1","T","010300560-001","Pattison Media Ltd.","Prince George","CKPG-TV","1","BT","54:2:47","122:53:35",1000.9,,"BC",39.19078,65.8000000000001,"A","5M45C3FNN",6000,55.25
"1","T","010300562-002","591987 B.C. Ltd.","Brighton","CKWS-DT-1","1","BT","44:2:40","77:47:35",222,,"ON",26.28389,70,"D","6M00C7W",6000,527
"1","T","010300565-001","The Ontario Educational Communications Authority","Ottawa","CICO-DT-24","1","BT","45:30:11","75:51:1",359,,"ON",49.77724,121.9,"D","6M00C7W",6000,533
"1","T","010300566-002","Bell Media Radio G.P.","Prince Rupert","CFTK-TV-1","1","BT","54:16:59.7","130:18:52.2",707.1,,"BC",33.8739,47.5,"A","5M45C3FNN",6000,83.25
"1","T","010300570-001","The Ontario Educational Communications Authority","Toronto","CICA-DT","1","BT","43:38:33","79:23:14",82,,"ON",50.2735,515.8,"D","6M00C7W",6000,503
"1","T","010300573-002","The Ontario Educational Communications Authority","Kitchener","CICO-DT-28","1","BT","43:15:41","80:26:41",304.2,,"ON",42.47973,275.5,"D","6M00C7W",6000,521
"1","T","010300576-001","The Ontario Educational Communications Authority","London","CICO-DT-18","1","BT","42:57:16","81:21:17",281.7,,"ON",33.80211,291.5,"D","6M00C7W",6000,497
"1","T","010300581-002","The Ontario Educational Communications Authority","Windsor","CICO-DT-32","1","BT","42:9:12","82:57:11",185,,"ON",41.52288,214.3,"D","6M00C7W",6000,503
"1","T","010300584-001","The Ontario Educational Communications Authority","Thunder Bay","CICO-DT-9","1","BT","48:32:59","89:13:28",452,,"ON",36.53213,159.1,"D","6M00C7W",6000,189
"1","T","010300588-002","Corus Television Limited Partnership","Sydney","CIHF-DT-7","1","BT","46:5:53","60:18:43",146,,"NS",45.56303,100,"D","6M00C7W",6000,551
"1","T","010300592-002","Burns Lake & District Rebroadcasting Society","Ootsa Lake","CHHH-TV","1","BT","53:52:18","126:0:45",1173,,"BC",25.0515,30,"A","5M45C3FNN",6000,193.25
"1","T","010300594-002","Rogers Media Inc","Montreal","CJNT-DT","1","BT","45:30:18","73:35:28",222.7,,"QC",33.1597,19,"D","6M00C7W",6000,491
"1","T","010300605-002","Societe de Telediffusion du Quebec (Tele-Quebec)","Trois-Rivieres","CIVC-DT","1","BT","46:29:27","72:38:58",175.3,,"QC",53.61728,314.3,"D","6M00C7W",6000,587
"1","T","010300608-001","Societe de Telediffusion du Quebec (Tele-Quebec)","Baie-Trinite","CIVF-DT","1","BT","49:23:28","67:28:15",182.9,,"QC",46.62758,83.8,"D","6M00C7W",6000,207
"1","T","010300611-001","Societe de Telediffusion du Quebec (Tele-Quebec)","Sept-Iles","CIVG-DT","1","BT","50:10:18","66:44:16",274.3,,"QC",42.78754,83.8,"D","6M00C7W",6000,189
"1","T","010300614-001","Corus Television Limited Partnership","Sudbury","CFGC-DT","1","BT","46:30:19","80:57:33",320,,"ON",40.68186,100.6,"D","6M00C7W",6000,201
"1","T","010300619-002","Corus Television Limited Partnership","Timmins","CIII-DT-13","1","BT","48:28:13.7","81:17:48.1",350,,"ON",44.77121,122,"D","6M00C7W",6000,213
"1","T","010300622-001","Corus Television Limited Partnership","Peterborough","CIII-DT-27","1","BT","44:4:14","78:8:35",344.5,,"ON",54.39333,140.3,"D","6M00C7W",6000,551
"1","T","010300625-002","Corus Television Limited Partnership","Sarnia-Oil Springs","CIII-DT-29","1","BT","42:43:21","82:9:59",201,,"ON",53.18063,186.5,"D","6M00C7W",6000,599
"1","T","010300637-001","Houston-Smithers Rebroadcasting Society","Smithers","CFHO-TV-1","1","BT","54:44:27","126:58:56",1039,,"BC",23.2838,36,"A","5M45C3FNN",6000,211.25
"1","T","010300645-002","Burns Lake & District Rebroadcasting Society","Ootsa Lake","CH4467","1","BT","53:52:18","126:0:45",1173,,"BC",23.57935,15,"A","5M45C3FNN",6000,77.25
"1","T","010300727-002","Houston-Smithers Rebroadcasting Society","Houston","CFHO-TV","1","BT","54:26:29.8","126:39:30.8",1222,,"BC",25.91065,57,"A","5M45C3FNN",6000,181.25
"1","T","010300736-001","Pattison Media Ltd.","Kamloops","CFJC-TV","1","BT","50:40:15","120:23:55",886,,"BC",35.68202,34.8,"A","5M45C3FNN",6000,67.25
"1","T","010300912-001","Telile Isle Madame Community Television","Isle Madame","CIMC-TV","1","BT","45:30:50","61:0:54",30,,"NS",30.79181,39,"A","5M45C3FNN",6000,193.25
"1","T","010300970-003","Bell Media Radio G.P.","Smithers","CFTK-TV-2","1","BT","54:44:29","126:58:55",1014,,"BC",27.9379,27,"A","5M45C3FNN",6000,77.25
"1","T","010702143-001","Societe de Telediffusion du Quebec (Tele-Quebec)","Grand-Fonds","CIVB-DT-1","1","BT","47:46:47","70:9:8",853.4,,"QC",47.03291,82.1,"D","6M00C7W",6000,575
"1","T","010745941-001","Burns Lake & District Rebroadcasting Society","Burns Lake","CH4333-DT","1","BT","54:15:23","125:40:44",1252,,"BC",20.086,14,"D","6M00C7W",6000,177
"1","T","010745955-001","Burns Lake & District Rebroadcasting Society","Burns Lake","CH4374-DT","1","BT","54:15:23","125:40:44",1252,,"BC",20.25306,14,"D","6M00C7W",6000,195
"1","T","010745960-001","Burns Lake & District Rebroadcasting Society","Burns Lake","CH4375-DT","1","BT","54:15:23","125:40:44",1252,,"BC",21.13943,14,"D","6M00C7W",6000,213
"1","T","010755108-001","Bell Media Inc.","Orillia","CFTO-DT-21","1","BT","44:52:4","79:35:41",220.3,,"ON",41.30334,164.1,"D","6M00C7W",6000,515
"1","T","010755687-001","Bell Media Inc.","Windsor","CHWI-DT-60","1","BT","42:18:58","83:2:24",183,,"ON",22.06826,94,"D","6M00C7W",6000,491
"1","T","010768768-002","Rogers Media Inc","London","CJMT-DT-1","1","BT","42:57:16","81:21:17",282,,"ON",41.46128,175.3,"D","6M00C7W",6000,509
"1","T","010769060-001","CHAU-TV Communications Ltee","Cap?aux?Meules","CHAU-DT-12","1","BT","47:22:57","61:55:9",121,,"QC",20,27,"D","6M00C7W",6000,207
"1","T","010779642-001","Corus Television Limited Partnership","Trail","CKTN-DT","1","BT","49:5:30","117:49:14",1580,,"BC",27.78151,51.4,"D","6M00C7W",6000,183
"1","T","010788072-002","591987 B.C. Ltd.","Oshawa","CHEX-DT-2","1","BT","43:57:15","78:48:23",208,,"ON",22.67172,95.5,"D","6M00C7W",6000,563
"1","T","010801634-001","Bell Media Inc.","North Bay","CKNY-DT","1","BT","46:3:46.7","79:26:6.5",362,,"ON",44.47158,121.9,"D","6M00C7W",6000,207
"1","T","010801634-001","Bell Media Inc.","North Bay","CKNY-DT-AX1","1","BT","46:3:46.7","79:26:6.5",362,,"ON",43.42423,121.9,"D","6M00C7W",6000,207
"1","T","010836194-001","Rogers Media Inc","Red Deer","CKEM-DT-1","1","BT","52:14:10.2","113:38:56.1",1003,,"AB",45.44068,130.3,"D","6M00C7W",6000,479
"1","T","010854585-001","Bell Media Inc.","Sydney","CJCB-DT","1","BT","46:5:53","60:18:43.2",146,,"NS",45.68202,100,"D","6M00C7W",6000,539
"1","T","010856132-001","Bell Media Inc.","Yarmouth","CJCH-DT-7","1","BT","43:54:57.9","66:5:22.9",41.4,,"NS",30.04321,143.7,"D","6M00C7W",6000,545
"1","T","010943642-001","U Multicultural Inc.","Winnipeg","CFUM-DT","1","BT","49:53:45.5","97:8:16.4",233,,"MB",33.80211,135,"D","6M00C7W",6000,473
"1","T","010949276-001","Bell Media Inc.","Yorkton","CICC-DT","1","BT","51:12:32.7","102:44:1.9",533,,"SK",33.0103,141.3,"D","6M00C7W",6000,195
"1","T","010949393-001","Bell Media Inc.","Prince Albert","CIPA-DT","1","BT","53:3:26.7","105:50:30.7",530,,"SK",40.41393,140.2,"D","6M00C7W",6000,189
"1","T","010951786-001","Bell Media Inc.","Red Deer","CFRN-DT-6","1","BT","52:19:10","113:40:41",982.4,,"AB",40,200.5,"D","6M00C7W",6000,183
"2","R","010372291-002","Missing Link Internet Inc. RimbeyTV","ROCKY MOUNTAIN HOUSE, AB","VFU567","6","FX","52:21:53","115:3:30",912,,"AB",,30,"D","6M00D7WET",6000,587
"2","R","010374535-001","I WANT WIRELESS.CA LTD","LITTLE SMOKEY, AB SITE 12B","CGZ416","6","FX","54:40:52","117:6:22",806,,"AB",,98,"D","6M00D7WET",6000,575
"2","R","010395147-002","Missing Link Internet Inc. RimbeyTV","CLEARWATER COUNTY, AB TOWER ROAD","CGX405","6","FX","52:31:21","114:52:46",1117,,"AB",,27,"D","6M00D7WET",6000,563
"2","R","010417783-002","Advanced Interactive Canada Inc.","GROUARD, AB.","CKD484","6","FX","55:32:28","116:7:14",669,,"AB",,30,"D","6M00D7WET",6000,533
"2","R","010455721-001","Bell Canada","VAL-D'OR, QC","VXK950","6","FX","48:7:53","77:45:42",310,,"QC",,85,"D","6M00D7WET",6000,605
"2","R","010458001-002","Missing Link Internet Inc. RimbeyTV","CAROLINE AB - SW 04-36-06-W5M","CHJ974","6","FX","52:3:28","114:47:58",1145,,"AB",,27,"D","6M00D7WET",6000,539
"2","R","010461189-002","Advanced Interactive Canada Inc.","CHARLIE LAKE (CBC  SITE)","CKS457","6","FX","56:16:45","121:2:40",862,,"BC",,30,"D","6M00D7WET",6000,533
"2","R","011016954-001","Advanced Interactive Canada Inc.","Moosomin & Saulteau First Nations, SK (Protected)","CHC471","6","FX","53:4:23.7","108:20:17.9",565,,"SK",,50,"D","6M00D7DXN",6000,473
"2","R","011016954-001","Advanced Interactive Canada Inc.","Moosomin & Saulteau First Nations, SK (Protected)","CHC471","6","FX","53:4:23.7","108:20:17.9",565,,"SK",,50,"D","6M00D7DXN",6000,479
"2","R","011016954-001","Advanced Interactive Canada Inc.","Moosomin & Saulteau First Nations, SK (Protected)","CHC471","6","FX","53:4:23.7","108:20:17.9",565,,"SK",,50,"D","6M00D7DXN",6000,485
"2","R","011016954-001","Advanced Interactive Canada Inc.","Moosomin & Saulteau First Nations, SK (Protected)","CHC471","6","FX","53:4:23.7","108:20:17.9",565,,"SK",,50,"D","6M00D7DXN",6000,491
"2","R","011016954-001","Advanced Interactive Canada Inc.","Moosomin & Saulteau First Nations, SK (Protected)","CHC471","6","FX","53:4:23.7","108:20:17.9",565,,"SK",,50,"D","6M00D7DXN",6000,497
"2","R","011016954-001","Advanced Interactive Canada Inc.","Moosomin & Saulteau First Nations, SK (Protected)","CHC471","6","FX","53:4:23.7","108:20:17.9",565,,"SK",,50,"D","6M00D7DXN",6000,503
"2","R","011017235-001","Advanced Interactive Canada Inc.","Elizabeth Metis Settlement (Protected)","CHC463","6","FX","54:4:43.7","110:9:17.8",733,,"AB",,40,"D","6M00D7DXN",6000,473
"2","R","011017235-001","Advanced Interactive Canada Inc.","Elizabeth Metis Settlement (Protected)","CHC463","6","FX","54:4:43.7","110:9:17.8",733,,"AB",,40,"D","6M00D7DXN",6000,479
"2","R","011017235-001","Advanced Interactive Canada Inc.","Elizabeth Metis Settlement (Protected)","CHC463","6","FX","54:4:43.7","110:9:17.8",733,,"AB",,40,"D","6M00D7DXN",6000,485
"2","R","011017235-001","Advanced Interactive Canada Inc.","Elizabeth Metis Settlement (Protected)","CHC463","6","FX","54:4:43.7","110:9:17.8",733,,"AB",,40,"D","6M00D7DXN",6000,491
"2","R","011017235-001","Advanced Interactive Canada Inc.","Elizabeth Metis Settlement (Protected)","CHC463","6","FX","54:4:43.7","110:9:17.8",733,,"AB",,40,"D","6M00D7DXN",6000,497
"2","R","011017235-001","Advanced Interactive Canada Inc.","Elizabeth Metis Settlement (Protected)","CHC463","6","FX","54:4:43.7","110:9:17.8",733,,"AB",,40,"D","6M00D7DXN",6000,503
"2","R","011017235-001","Advanced Interactive Canada Inc.","Elizabeth Metis Settlement (Protected)","CHC463","6","FX","54:4:43.7","110:9:17.8",733,,"AB",,40,"D","6M00D7DXN",6000,509
"2","R","011017244-001","Advanced Interactive Canada Inc.","Buffalo Lake, AB (Protected)","CHC468","6","FX","54:32:26.9","112:30:26.6",653,,"AB",,40,"D","6M00D7DXN",6000,473
"2","R","011017244-001","Advanced Interactive Canada Inc.","Buffalo Lake, AB (Protected)","CHC468","6","FX","54:32:26.9","112:30:26.6",653,,"AB",,40,"D","6M00D7DXN",6000,479
"2","R","011017244-001","Advanced Interactive Canada Inc.","Buffalo Lake, AB (Protected)","CHC468","6","FX","54:32:26.9","112:30:26.6",653,,"AB",,40,"D","6M00D7DXN",6000,497
"2","R","011017244-001","Advanced Interactive Canada Inc.","Buffalo Lake, AB (Protected)","CHC468","6","FX","54:32:26.9","112:30:26.6",653,,"AB",,40,"D","6M00D7DXN",6000,503
"2","R","011017244-001","Advanced Interactive Canada Inc.","Buffalo Lake, AB (Protected)","CHC468","6","FX","54:32:26.9","112:30:26.6",653,,"AB",,40,"D","6M00D7DXN",6000,509
"2","R","011079502-001","HUWILP COMMUNICATIONS INC.","Carnaby, BC (Protected)","CHY985","6","FX","55:12:14.48","127:41:47.85",479,,"BC",,30,"D","6M00D7DXN",6000,473
"2","R","011079502-001","HUWILP COMMUNICATIONS INC.","Carnaby, BC (Protected)","CHY985","6","FX","55:12:14.48","127:41:47.85",479,,"BC",,30,"D","6M00D7DXN",6000,479
"2","R","011079502-001","HUWILP COMMUNICATIONS INC.","Carnaby, BC (Protected)","CHY985","6","FX","55:12:14.48","127:41:47.85",479,,"BC",,30,"D","6M00D7DXN",6000,485
"2","R","011079502-001","HUWILP COMMUNICATIONS INC.","Carnaby, BC (Protected)","CHY985","6","FX","55:12:14.48","127:41:47.85",479,,"BC",,30,"D","6M00D7DXN",6000,491
"2","R","011079502-001","HUWILP COMMUNICATIONS INC.","Carnaby, BC (Protected)","CHY985","6","FX","55:12:14.48","127:41:47.85",479,,"BC",,30,"D","6M00D7DXN",6000,497
"2","R","011079502-001","HUWILP COMMUNICATIONS INC.","Carnaby, BC (Protected)","CHY985","6","FX","55:12:14.48","127:41:47.85",479,,"BC",,30,"D","6M00D7DXN",6000,503
"2","R","011079502-001","HUWILP COMMUNICATIONS INC.","Carnaby, BC (Protected)","CHY985","6","FX","55:12:14.48","127:41:47.85",479,,"BC",,30,"D","6M00D7DXN",6000,509
"2","T","010374329-002","Slave Lake Communications Ltd. RRBS","FLAT TOP MOUNTAIN, AB","CGR729","6","FX","55:8:49","114:49:6",1037,0,"AB",10.57121,40,"D","6M00D7WET",6000,659
"2","T","010374535-001","I WANT WIRELESS.CA LTD","LITTLE SMOKEY, AB SITE 12B","CGZ416","6","FX","54:40:52","117:6:22",806,,"AB",15.4,100,"D","6M00D7WET",6000,653
"2","T","010395147-002","Missing Link Internet Inc. RimbeyTV","CLEARWATER COUNTY, AB TOWER ROAD","CGX405","6","FX","52:31:21","114:52:46",1117,,"AB",20.4,27,"D","6M00D7WET",6000,527
"2","T","010417783-002","Advanced Interactive Canada Inc.","GROUARD, AB.","CKD484","6","FX","55:32:28","116:7:14",669,,"AB",15.6,30,"D","6M00D7WET",6000,581
"2","T","010455721-001","Bell Canada","VAL-D'OR, QC","VXK950","6","FX","48:7:53","77:45:42",310,,"QC",14.95156,91,"D","6M00D7WET",6000,557
"2","T","011016954-001","Advanced Interactive Canada Inc.","Moosomin & Saulteau First Nations, SK (Protected)","CHC471","6","FX","53:4:23.7","108:20:17.9",565,,"SK",12.6228,45,"D","6M00D7DXN",6000,515
"2","T","011016954-001","Advanced Interactive Canada Inc.","Moosomin & Saulteau First Nations, SK (Protected)","CHC471","6","FX","53:4:23.7","108:20:17.9",565,,"SK",12.6228,45,"D","6M00D7DXN",6000,521
"2","T","011016954-001","Advanced Interactive Canada Inc.","Moosomin & Saulteau First Nations, SK (Protected)","CHC471","6","FX","53:4:23.7","108:20:17.9",565,,"SK",12.6228,45,"D","6M00D7DXN",6000,527
"2","T","011016954-001","Advanced Interactive Canada Inc.","Moosomin & Saulteau First Nations, SK (Protected)","CHC471","6","FX","53:4:23.7","108:20:17.9",565,,"SK",12.6228,45,"D","6M00D7DXN",6000,533
"2","T","011016954-001","Advanced Interactive Canada Inc.","Moosomin & Saulteau First Nations, SK (Protected)","CHC471","6","FX","53:4:23.7","108:20:17.9",565,,"SK",12.6228,45,"D","6M00D7DXN",6000,539
"2","T","011016954-001","Advanced Interactive Canada Inc.","Moosomin & Saulteau First Nations, SK (Protected)","CHC471","6","FX","53:4:23.7","108:20:17.9",565,,"SK",12.6228,45,"D","6M00D7DXN",6000,545
"2","T","011016954-001","Advanced Interactive Canada Inc.","Moosomin & Saulteau First Nations, SK (Protected)","CHC471","6","FX","53:4:23.7","108:20:17.9",565,,"SK",12.6228,45,"D","6M00D7DXN",6000,551
"2","T","011016954-001","Advanced Interactive Canada Inc.","Moosomin & Saulteau First Nations, SK (Protected)","CHC471","6","FX","53:4:23.7","108:20:17.9",565,,"SK",12.6228,45,"D","6M00D7DXN",6000,557
"2","T","011016954-001","Advanced Interactive Canada Inc.","Moosomin & Saulteau First Nations, SK (Protected)","CHC471","6","FX","53:4:23.7","108:20:17.9",565,,"SK",12.6228,45,"D","6M00D7DXN",6000,563
"2","T","011016954-001","Advanced Interactive Canada Inc.","Moosomin & Saulteau First Nations, SK (Protected)","CHC471","6","FX","53:4:23.7","108:20:17.9",565,,"SK",12.6228,45,"D","6M00D7DXN",6000,569
"2","T","011016954-001","Advanced Interactive Canada Inc.","Moosomin & Saulteau First Nations, SK (Protected)","CHC471","6","FX","53:4:23.7","108:20:17.9",565,,"SK",12.6228,45,"D","6M00D7DXN",6000,575
"2","T","011016954-001","Advanced Interactive Canada Inc.","Moosomin & Saulteau First Nations, SK (Protected)","CHC471","6","FX","53:4:23.7","108:20:17.9",565,,"SK",12.6228,45,"D","6M00D7DXN",6000,581
"2","T","011016954-001","Advanced Interactive Canada Inc.","Moosomin & Saulteau First Nations, SK (Protected)","CHC471","6","FX","53:4:23.7","108:20:17.9",565,,"SK",12.6228,45,"D","6M00D7DXN",6000,587
"2","T","011016954-001","Advanced Interactive Canada Inc.","Moosomin & Saulteau First Nations, SK (Protected)","CHC471","6","FX","53:4:23.7","108:20:17.9",565,,"SK",12.6228,45,"D","6M00D7DXN",6000,593
"2","T","011016954-001","Advanced Interactive Canada Inc.","Moosomin & Saulteau First Nations, SK (Protected)","CHC471","6","FX","53:4:23.7","108:20:17.9",565,,"SK",12.6228,45,"D","6M00D7DXN",6000,599
"2","T","011016954-001","Advanced Interactive Canada Inc.","Moosomin & Saulteau First Nations, SK (Protected)","CHC471","6","FX","53:4:23.7","108:20:17.9",565,,"SK",12.6228,45,"D","6M00D7DXN",6000,605
"2","T","011017235-001","Advanced Interactive Canada Inc.","Elizabeth Metis Settlement (Protected)","CHC463","6","FX","54:4:43.7","110:9:17.8",733,,"AB",12.6228,35,"D","6M00D7DXN",6000,515
"2","T","011017235-001","Advanced Interactive Canada Inc.","Elizabeth Metis Settlement (Protected)","CHC463","6","FX","54:4:43.7","110:9:17.8",733,,"AB",12.6228,35,"D","6M00D7DXN",6000,521
"2","T","011017235-001","Advanced Interactive Canada Inc.","Elizabeth Metis Settlement (Protected)","CHC463","6","FX","54:4:43.7","110:9:17.8",733,,"AB",12.6228,35,"D","6M00D7DXN",6000,527
"2","T","011017235-001","Advanced Interactive Canada Inc.","Elizabeth Metis Settlement (Protected)","CHC463","6","FX","54:4:43.7","110:9:17.8",733,,"AB",12.6228,35,"D","6M00D7DXN",6000,533
"2","T","011017235-001","Advanced Interactive Canada Inc.","Elizabeth Metis Settlement (Protected)","CHC463","6","FX","54:4:43.7","110:9:17.8",733,,"AB",12.6228,35,"D","6M00D7DXN",6000,539
"2","T","011017235-001","Advanced Interactive Canada Inc.","Elizabeth Metis Settlement (Protected)","CHC463","6","FX","54:4:43.7","110:9:17.8",733,,"AB",12.6228,35,"D","6M00D7DXN",6000,545
"2","T","011017235-001","Advanced Interactive Canada Inc.","Elizabeth Metis Settlement (Protected)","CHC463","6","FX","54:4:43.7","110:9:17.8",733,,"AB",12.6228,35,"D","6M00D7DXN",6000,551
"2","T","011017235-001","Advanced Interactive Canada Inc.","Elizabeth Metis Settlement (Protected)","CHC463","6","FX","54:4:43.7","110:9:17.8",733,,"AB",12.6228,35,"D","6M00D7DXN",6000,557
"2","T","011017235-001","Advanced Interactive Canada Inc.","Elizabeth Metis Settlement (Protected)","CHC463","6","FX","54:4:43.7","110:9:17.8",733,,"AB",12.6228,35,"D","6M00D7DXN",6000,563
"2","T","011017235-001","Advanced Interactive Canada Inc.","Elizabeth Metis Settlement (Protected)","CHC463","6","FX","54:4:43.7","110:9:17.8",733,,"AB",12.6228,35,"D","6M00D7DXN",6000,569
"2","T","011017235-001","Advanced Interactive Canada Inc.","Elizabeth Metis Settlement (Protected)","CHC463","6","FX","54:4:43.7","110:9:17.8",733,,"AB",12.6228,35,"D","6M00D7DXN",6000,575
"2","T","011017235-001","Advanced Interactive Canada Inc.","Elizabeth Metis Settlement (Protected)","CHC463","6","FX","54:4:43.7","110:9:17.8",733,,"AB",12.6228,35,"D","6M00D7DXN",6000,581
"2","T","011017235-001","Advanced Interactive Canada Inc.","Elizabeth Metis Settlement (Protected)","CHC463","6","FX","54:4:43.7","110:9:17.8",733,,"AB",12.6228,35,"D","6M00D7DXN",6000,587
"2","T","011017235-001","Advanced Interactive Canada Inc.","Elizabeth Metis Settlement (Protected)","CHC463","6","FX","54:4:43.7","110:9:17.8",733,,"AB",12.6228,35,"D","6M00D7DXN",6000,593
"2","T","011017235-001","Advanced Interactive Canada Inc.","Elizabeth Metis Settlement (Protected)","CHC463","6","FX","54:4:43.7","110:9:17.8",733,,"AB",12.6228,35,"D","6M00D7DXN",6000,599
"2","T","011017235-001","Advanced Interactive Canada Inc.","Elizabeth Metis Settlement (Protected)","CHC463","6","FX","54:4:43.7","110:9:17.8",733,,"AB",12.6228,35,"D","6M00D7DXN",6000,605
"2","T","011017244-001","Advanced Interactive Canada Inc.","Buffalo Lake, AB (Protected)","CHC468","6","FX","54:32:26.9","112:30:26.6",653,,"AB",12.6228,35,"D","6M00D7DXN",6000,515
"2","T","011017244-001","Advanced Interactive Canada Inc.","Buffalo Lake, AB (Protected)","CHC468","6","FX","54:32:26.9","112:30:26.6",653,,"AB",12.6228,35,"D","6M00D7DXN",6000,521
"2","T","011017244-001","Advanced Interactive Canada Inc.","Buffalo Lake, AB (Protected)","CHC468","6","FX","54:32:26.9","112:30:26.6",653,,"AB",12.6228,35,"D","6M00D7DXN",6000,527
"2","T","011017244-001","Advanced Interactive Canada Inc.","Buffalo Lake, AB (Protected)","CHC468","6","FX","54:32:26.9","112:30:26.6",653,,"AB",12.6228,35,"D","6M00D7DXN",6000,533
"2","T","011017244-001","Advanced Interactive Canada Inc.","Buffalo Lake, AB (Protected)","CHC468","6","FX","54:32:26.9","112:30:26.6",653,,"AB",12.6228,35,"D","6M00D7DXN",6000,545
"2","T","011017244-001","Advanced Interactive Canada Inc.","Buffalo Lake, AB (Protected)","CHC468","6","FX","54:32:26.9","112:30:26.6",653,,"AB",12.6228,35,"D","6M00D7DXN",6000,551
"2","T","011017244-001","Advanced Interactive Canada Inc.","Buffalo Lake, AB (Protected)","CHC468","6","FX","54:32:26.9","112:30:26.6",653,,"AB",12.6228,35,"D","6M00D7DXN",6000,557
"2","T","011017244-001","Advanced Interactive Canada Inc.","Buffalo Lake, AB (Protected)","CHC468","6","FX","54:32:26.9","112:30:26.6",653,,"AB",12.6228,35,"D","6M00D7DXN",6000,563
"2","T","011017244-001","Advanced Interactive Canada Inc.","Buffalo Lake, AB (Protected)","CHC468","6","FX","54:32:26.9","112:30:26.6",653,,"AB",12.6228,35,"D","6M00D7DXN",6000,569
"2","T","011017244-001","Advanced Interactive Canada Inc.","Buffalo Lake, AB (Protected)","CHC468","6","FX","54:32:26.9","112:30:26.6",653,,"AB",12.6228,35,"D","6M00D7DXN",6000,575
"2","T","011017244-001","Advanced Interactive Canada Inc.","Buffalo Lake, AB (Protected)","CHC468","6","FX","54:32:26.9","112:30:26.6",653,,"AB",12.6228,35,"D","6M00D7DXN",6000,581
"2","T","011017244-001","Advanced Interactive Canada Inc.","Buffalo Lake, AB (Protected)","CHC468","6","FX","54:32:26.9","112:30:26.6",653,,"AB",12.6228,35,"D","6M00D7DXN",6000,587
"2","T","011017244-001","Advanced Interactive Canada Inc.","Buffalo Lake, AB (Protected)","CHC468","6","FX","54:32:26.9","112:30:26.6",653,,"AB",12.6228,35,"D","6M00D7DXN",6000,593
"2","T","011017244-001","Advanced Interactive Canada Inc.","Buffalo Lake, AB (Protected)","CHC468","6","FX","54:32:26.9","112:30:26.6",653,,"AB",12.6228,35,"D","6M00D7DXN",6000,599
"2","T","011017244-001","Advanced Interactive Canada Inc.","Buffalo Lake, AB (Protected)","CHC468","6","FX","54:32:26.9","112:30:26.6",653,,"AB",12.6228,35,"D","6M00D7DXN",6000,605
"2","T","011079502-001","HUWILP COMMUNICATIONS INC.","Carnaby, BC (Protected)","CHY985","6","FX","55:12:14.48","127:41:47.85",479,,"BC",12.62285,27,"D","6M00D7DXN",6000,521
"2","T","011079502-001","HUWILP COMMUNICATIONS INC.","Carnaby, BC (Protected)","CHY985","6","FX","55:12:14.48","127:41:47.85",479,,"BC",12.62285,27,"D","6M00D7DXN",6000,527
"2","T","011079502-001","HUWILP COMMUNICATIONS INC.","Carnaby, BC (Protected)","CHY985","6","FX","55:12:14.48","127:41:47.85",479,,"BC",12.62285,27,"D","6M00D7DXN",6000,533
"2","T","011079502-001","HUWILP COMMUNICATIONS INC.","Carnaby, BC (Protected)","CHY985","6","FX","55:12:14.48","127:41:47.85",479,,"BC",12.62285,27,"D","6M00D7DXN",6000,539
"2","T","011079502-001","HUWILP COMMUNICATIONS INC.","Carnaby, BC (Protected)","CHY985","6","FX","55:12:14.48","127:41:47.85",479,,"BC",12.62285,27,"D","6M00D7DXN",6000,545
"2","T","011079502-001","HUWILP COMMUNICATIONS INC.","Carnaby, BC (Protected)","CHY985","6","FX","55:12:14.48","127:41:47.85",479,,"BC",12.62285,27,"D","6M00D7DXN",6000,551
"2","T","011079502-001","HUWILP COMMUNICATIONS INC.","Carnaby, BC (Protected)","CHY985","6","FX","55:12:14.48","127:41:47.85",479,,"BC",12.62285,27,"D","6M00D7DXN",6000,557
"2","T","011079502-001","HUWILP COMMUNICATIONS INC.","Carnaby, BC (Protected)","CHY985","6","FX","55:12:14.48","127:41:47.85",479,,"BC",12.62285,27,"D","6M00D7DXN",6000,563
"2","T","011079502-001","HUWILP COMMUNICATIONS INC.","Carnaby, BC (Protected)","CHY985","6","FX","55:12:14.48","127:41:47.85",479,,"BC",12.62285,27,"D","6M00D7DXN",6000,569
"2","T","011079502-001","HUWILP COMMUNICATIONS INC.","Carnaby, BC (Protected)","CHY985","6","FX","55:12:14.48","127:41:47.85",479,,"BC",12.62285,27,"D","6M00D7DXN",6000,575
"2","T","011079502-001","HUWILP COMMUNICATIONS INC.","Carnaby, BC (Protected)","CHY985","6","FX","55:12:14.48","127:41:47.85",479,,"BC",12.62285,27,"D","6M00D7DXN",6000,581
"2","T","011079502-001","HUWILP COMMUNICATIONS INC.","Carnaby, BC (Protected)","CHY985","6","FX","55:12:14.48","127:41:47.85",479,,"BC",12.62285,27,"D","6M00D7DXN",6000,587
"2","T","011079502-001","HUWILP COMMUNICATIONS INC.","Carnaby, BC (Protected)","CHY985","6","FX","55:12:14.48","127:41:47.85",479,,"BC",12.62285,27,"D","6M00D7DXN",6000,593
"2","T","011079502-001","HUWILP COMMUNICATIONS INC.","Carnaby, BC (Protected)","CHY985","6","FX","55:12:14.48","127:41:47.85",479,,"BC",12.62285,27,"D","6M00D7DXN",6000,599
"2","T","011079502-001","HUWILP COMMUNICATIONS INC.","Carnaby, BC (Protected)","CHY985","6","FX","55:12:14.48","127:41:47.85",479,,"BC",12.62285,27,"D","6M00D7DXN",6000,605
"3","R","010429113-004","Daniels Electronics Ltd dba Zetron, a Codan Company","VICTORIA BC, 200-2621 Douglas Street","VX9CAF","6","FB","48:26:13.56","123:21:55.65",15,,"BC",,1,"D","990MF3EJN",990000,505
"3","R","010429113-004","Daniels Electronics Ltd dba Zetron, a Codan Company","VICTORIA BC, 200-2621 Douglas Street","VX9CAF","6","FB","48:26:13.56","123:21:55.65",15,,"BC",,5,"A","36M0F3EJN",36000,156
"3","R","010437307-003","6Harmonics Inc.","NEPEAN, ON (21 CONCOURSE GATE)","VX9GDW","7","FB","45:20:37","75:42:32",66,1,"ON",,5,"D","5M00F1D",6000,563
"3","R","010437307-003","6Harmonics Inc.","NEPEAN, ON (21 CONCOURSE GATE)","VX9GDW","7","FB","45:20:37","75:42:32",66,1,"ON",,5,"D","5M00F1D",6000,575
"3","R","010437307-003","6Harmonics Inc.","NEPEAN, ON (21 CONCOURSE GATE)","VX9GDW","7","FB","45:20:37","75:42:32",66,1,"ON",,5,"D","5M00F1D",6000,605
"3","R","010446097-001","BERLET ELECTRONICS LTD","TORONTO ONT","VX9CTM","6","FB","43:39:54","79:38:54",169,,"",,2,"A","11K0F1DNN",11,72
"3","R","010459583-001","SPECIAL PROJECTS INC. KAJ HEDIN","EKATI MINE","VX9GGA","7","FX","64:45:0","110:39:0",474,40,"NT",,1,"A","168MP0N",168000,34.2
"3","R","010508761-005","GENERAL DYNAMICS LAND SYSTEMS CANADA","LONDON, ON - 1991 OXFORD ST. E","","3","ML","43:1:5","81:10:23",,50,"ON",,,"A","16K0FXWXN",4000,218
"3","R","010508761-005","GENERAL DYNAMICS LAND SYSTEMS CANADA","LONDON, ON - 1991 OXFORD ST. E","","3","ML","43:1:5","81:10:23",,50,"ON",,,"A","16K0FXWXN",5000,482.5
"3","R","010508761-005","GENERAL DYNAMICS LAND SYSTEMS CANADA","LONDON, ON - 1991 OXFORD ST. E","","3","ML","43:1:5","81:10:23",,50,"ON",,,"A","16K0FXWXN",5000,487.5
"3","R","010508761-005","GENERAL DYNAMICS LAND SYSTEMS CANADA","LONDON, ON - 1991 OXFORD ST. E","","3","ML","43:1:5","81:10:23",,50,"ON",,,"A","16K0FXWXN",5000,85.5
"3","R","010508761-005","GENERAL DYNAMICS LAND SYSTEMS CANADA","LONDON, ON - 1991 OXFORD ST. E","","3","ML","43:1:5","81:10:23",,50,"ON",,,"A","16K0FXWXN",6000,177
"3","R","010508761-005","GENERAL DYNAMICS LAND SYSTEMS CANADA","LONDON, ON - 1991 OXFORD ST. E","","3","ML","43:1:5","81:10:23",,50,"ON",,,"A","16K0FXWXN",8000,184
"3","R","010508761-005","GENERAL DYNAMICS LAND SYSTEMS CANADA","LONDON, ON - 1991 OXFORD ST. E","","3","ML","43:1:5","81:10:23",,50,"ON",,,"A","16K0FXWXN",9000,507.5
"3","R","010508761-005","GENERAL DYNAMICS LAND SYSTEMS CANADA","LONDON, ON - 1991 OXFORD ST. E","","3","ML","43:1:5","81:10:23",,50,"ON",,,"A","16K0FXWXN",9000,51.5
"3","R","010508761-005","GENERAL DYNAMICS LAND SYSTEMS CANADA","LONDON, ON - 1991 OXFORD ST. E","","3","ML","43:1:5","81:10:23",,50,"ON",,,"A","16K0FXWXN",9000,60.5
"3","R","010508761-005","GENERAL DYNAMICS LAND SYSTEMS CANADA","LONDON, ON - 1991 OXFORD ST. E","","3","ML","43:1:5","81:10:23",,50,"ON",,,"A","16K0FXWXN",9000,69.5
"3","R","010508761-005","GENERAL DYNAMICS LAND SYSTEMS CANADA","LONDON, ON - 1991 OXFORD ST. E","","3","ML","43:1:5","81:10:23",,50,"ON",,,"A","16K0FXWXN",9000,78.5
"3","R","010726102-005","Tigercat Product Compliance","PARIS, ON - 141 CONSOLIDATED DR","","3","ML","43:11:54","80:22:18",,1,"ON",,,"A","1K00H3NXN",4000,218
"3","R","010726102-005","Tigercat Product Compliance","PARIS, ON - 141 CONSOLIDATED DR","","3","ML","43:11:54","80:22:18",,1,"ON",,,"A","1K00H3NXN",5000,482.5
"3","R","010726102-005","Tigercat Product Compliance","PARIS, ON - 141 CONSOLIDATED DR","","3","ML","43:11:54","80:22:18",,1,"ON",,,"A","1K00H3NXN",5000,487.5
"3","R","010726102-005","Tigercat Product Compliance","PARIS, ON - 141 CONSOLIDATED DR","","3","ML","43:11:54","80:22:18",,1,"ON",,,"A","1K00H3NXN",5000,85.5
"3","R","010726102-005","Tigercat Product Compliance","PARIS, ON - 141 CONSOLIDATED DR","","3","ML","43:11:54","80:22:18",,1,"ON",,,"A","1K00H3NXN",6000,177
"3","R","010726102-005","Tigercat Product Compliance","PARIS, ON - 141 CONSOLIDATED DR","","3","ML","43:11:54","80:22:18",,1,"ON",,,"A","1K00H3NXN",8000,184
"3","R","010726102-005","Tigercat Product Compliance","PARIS, ON - 141 CONSOLIDATED DR","","3","ML","43:11:54","80:22:18",,1,"ON",,,"A","1K00H3NXN",9000,507.5
"3","R","010726102-005","Tigercat Product Compliance","PARIS, ON - 141 CONSOLIDATED DR","","3","ML","43:11:54","80:22:18",,1,"ON",,,"A","1K00H3NXN",9000,51.5
"3","R","010726102-005","Tigercat Product Compliance","PARIS, ON - 141 CONSOLIDATED DR","","3","ML","43:11:54","80:22:18",,1,"ON",,,"A","1K00H3NXN",9000,60.5
"3","R","010726102-005","Tigercat Product Compliance","PARIS, ON - 141 CONSOLIDATED DR","","3","ML","43:11:54","80:22:18",,1,"ON",,,"A","1K00H3NXN",9000,69.5
"3","R","010726102-005","Tigercat Product Compliance","PARIS, ON - 141 CONSOLIDATED DR","","3","ML","43:11:54","80:22:18",,1,"ON",,,"A","1K00H3NXN",9000,78.5
"3","R","010840910-003","TELUS Communications Inc.","Edmonton, AB","","3","ML","53:30:30","113:30:30",,10,"AB",,,"D","800MGXDXW",800000,27.9
"3","R","010840910-003","TELUS Communications Inc.","Edmonton, AB","","7","FX","53:30:30","113:30:30",,10,"AB",,1,"D","800MGXDXW",800000,27.9
"3","R","011007750-002","Advanced Interactive Canada Inc.","SBA Tower","","6","FX","54:2:4.92","115:42:57.54",1163,,"AB",,30,"D","6M00X7XN",6000,476
"3","R","011007750-002","Advanced Interactive Canada Inc.","SBA Tower","","6","FX","54:2:4.92","115:42:57.54",1163,,"AB",,30,"D","6M00X7XN",6000,482
"3","R","011007750-002","Advanced Interactive Canada Inc.","SBA Tower","","6","FX","54:2:4.92","115:42:57.54",1163,,"AB",,30,"D","6M00X7XN",6000,488
"3","R","011007750-002","Advanced Interactive Canada Inc.","SBA Tower","","6","FX","54:2:4.92","115:42:57.54",1163,,"AB",,30,"D","6M00X7XN",6000,494
"3","R","011007750-002","Advanced Interactive Canada Inc.","SBA Tower","","6","FX","54:2:4.92","115:42:57.54",1163,,"AB",,30,"D","6M00X7XN",6000,500
"3","R","011007750-002","Advanced Interactive Canada Inc.","SBA Tower","","6","FX","54:2:4.92","115:42:57.54",1163,,"AB",,30,"D","6M00X7XN",6000,506
"3","R","011007750-002","Advanced Interactive Canada Inc.","Whitecourt, AB","","7","FX","54:2:4.92","115:42:57.54",,30,"AB",,10,"D","6M00X7XN",6000,560
"3","R","011007750-002","Advanced Interactive Canada Inc.","Whitecourt, AB","","7","FX","54:2:4.92","115:42:57.54",,30,"AB",,10,"D","6M00X7XN",6000,566
"3","R","011007750-002","Advanced Interactive Canada Inc.","Whitecourt, AB","","7","FX","54:2:4.92","115:42:57.54",,30,"AB",,10,"D","6M00X7XN",6000,572
"3","R","011007750-002","Advanced Interactive Canada Inc.","Whitecourt, AB","","7","FX","54:2:4.92","115:42:57.54",,30,"AB",,10,"D","6M00X7XN",6000,578
"3","R","011007750-002","Advanced Interactive Canada Inc.","Whitecourt, AB","","7","FX","54:2:4.92","115:42:57.54",,30,"AB",,10,"D","6M00X7XN",6000,584
"3","R","011007750-002","Advanced Interactive Canada Inc.","Whitecourt, AB","","7","FX","54:2:4.92","115:42:57.54",,30,"AB",,10,"D","6M00X7XN",6000,590
"3","R","011007750-002","Advanced Interactive Canada Inc.","Whitecourt, AB","","7","FX","54:2:4.92","115:42:57.54",,30,"AB",,10,"D","6M00X7XN",6000,596
"3","R","011007750-002","Advanced Interactive Canada Inc.","Whitecourt, AB","","7","FX","54:2:4.92","115:42:57.54",,30,"AB",,10,"D","6M00X7XN",6000,602
"3","R","011016954-001","Advanced Interactive Canada Inc.","Moosomin & Saulteau First Nations, SK (Unprotected)","CHC472","6","FX","53:4:23.9","108:20:17.9",565,,"SK",,50,"D","6M00D7DXN",6000,473
"3","R","011016954-001","Advanced Interactive Canada Inc.","Moosomin & Saulteau First Nations, SK (Unprotected)","CHC472","6","FX","53:4:23.9","108:20:17.9",565,,"SK",,50,"D","6M00D7DXN",6000,479
"3","R","011016954-001","Advanced Interactive Canada Inc.","Moosomin & Saulteau First Nations, SK (Unprotected)","CHC472","6","FX","53:4:23.9","108:20:17.9",565,,"SK",,50,"D","6M00D7DXN",6000,485
"3","R","011016954-001","Advanced Interactive Canada Inc.","Moosomin & Saulteau First Nations, SK (Unprotected)","CHC472","6","FX","53:4:23.9","108:20:17.9",565,,"SK",,50,"D","6M00D7DXN",6000,491
"3","R","011016954-001","Advanced Interactive Canada Inc.","Moosomin & Saulteau First Nations, SK (Unprotected)","CHC472","6","FX","53:4:23.9","108:20:17.9",565,,"SK",,50,"D","6M00D7DXN",6000,497
"3","R","011016954-001","Advanced Interactive Canada Inc.","Moosomin & Saulteau First Nations, SK (Unprotected)","CHC472","6","FX","53:4:23.9","108:20:17.9",565,,"SK",,50,"D","6M00D7DXN",6000,503
"3","R","011017235-001","Advanced Interactive Canada Inc.","Elizabeth Metis Settlement (Unprotected)","CHC463","6","FX","54:4:43.7","110:9:17.8",733,,"AB",,40,"D","6M00D7DXN",6000,473
"3","R","011017235-001","Advanced Interactive Canada Inc.","Elizabeth Metis Settlement (Unprotected)","CHC463","6","FX","54:4:43.7","110:9:17.8",733,,"AB",,40,"D","6M00D7DXN",6000,479
"3","R","011017235-001","Advanced Interactive Canada Inc.","Elizabeth Metis Settlement (Unprotected)","CHC463","6","FX","54:4:43.7","110:9:17.8",733,,"AB",,40,"D","6M00D7DXN",6000,485
"3","R","011017235-001","Advanced Interactive Canada Inc.","Elizabeth Metis Settlement (Unprotected)","CHC463","6","FX","54:4:43.7","110:9:17.8",733,,"AB",,40,"D","6M00D7DXN",6000,491
"3","R","011017235-001","Advanced Interactive Canada Inc.","Elizabeth Metis Settlement (Unprotected)","CHC463","6","FX","54:4:43.7","110:9:17.8",733,,"AB",,40,"D","6M00D7DXN",6000,497
"3","R","011017235-001","Advanced Interactive Canada Inc.","Elizabeth Metis Settlement (Unprotected)","CHC463","6","FX","54:4:43.7","110:9:17.8",733,,"AB",,40,"D","6M00D7DXN",6000,503
"3","R","011017235-001","Advanced Interactive Canada Inc.","Elizabeth Metis Settlement (Unprotected)","CHC463","6","FX","54:4:43.7","110:9:17.8",733,,"AB",,40,"D","6M00D7DXN",6000,509
"3","R","011017244-001","Advanced Interactive Canada Inc.","Buffalo Lake, AB (Unprotected)","CHC468","6","FX","54:32:26.9","112:30:26.6",653,,"AB",,40,"D","6M00D7DXN",6000,473
"3","R","011017244-001","Advanced Interactive Canada Inc.","Buffalo Lake, AB (Unprotected)","CHC468","6","FX","54:32:26.9","112:30:26.6",653,,"AB",,40,"D","6M00D7DXN",6000,479
"3","R","011017244-001","Advanced Interactive Canada Inc.","Buffalo Lake, AB (Unprotected)","CHC468","6","FX","54:32:26.9","112:30:26.6",653,,"AB",,40,"D","6M00D7DXN",6000,497
"3","R","011017244-001","Advanced Interactive Canada Inc.","Buffalo Lake, AB (Unprotected)","CHC468","6","FX","54:32:26.9","112:30:26.6",653,,"AB",,40,"D","6M00D7DXN",6000,503
"3","R","011017244-001","Advanced Interactive Canada Inc.","Buffalo Lake, AB (Unprotected)","CHC468","6","FX","54:32:26.9","112:30:26.6",653,,"AB",,40,"D","6M00D7DXN",6000,509
"3","R","011024187-002","City of Calgary - Smart Cities","79 Artist View Point Calgary AB - Harvard Site SE-30-24-2-WS","","6","FB","51:4:21.75","114:15:36.5",1280,,"AB",,255,"D","6M0W7D-N",6000,527
"3","R","011039182-001","GENERAL DYNAMICS LAND SYSTEMS CANADA","LONDON, ON - 15745 Robins Hill Rd.","","3","ML","43:1:46","81:9:58",,1,"ON",,,"A","16K0FXWXN",4000,218
"3","R","011039182-001","GENERAL DYNAMICS LAND SYSTEMS CANADA","LONDON, ON - 15745 Robins Hill Rd.","","3","ML","43:1:46","81:9:58",,1,"ON",,,"A","16K0FXWXN",5000,482.5
"3","R","011039182-001","GENERAL DYNAMICS LAND SYSTEMS CANADA","LONDON, ON - 15745 Robins Hill Rd.","","3","ML","43:1:46","81:9:58",,1,"ON",,,"A","16K0FXWXN",5000,487.5
"3","R","011039182-001","GENERAL DYNAMICS LAND SYSTEMS CANADA","LONDON, ON - 15745 Robins Hill Rd.","","3","ML","43:1:46","81:9:58",,1,"ON",,,"A","16K0FXWXN",5000,85.5
"3","R","011039182-001","GENERAL DYNAMICS LAND SYSTEMS CANADA","LONDON, ON - 15745 Robins Hill Rd.","","3","ML","43:1:46","81:9:58",,1,"ON",,,"A","16K0FXWXN",6000,177
"3","R","011039182-001","GENERAL DYNAMICS LAND SYSTEMS CANADA","LONDON, ON - 15745 Robins Hill Rd.","","3","ML","43:1:46","81:9:58",,1,"ON",,,"A","16K0FXWXN",6000,605
"3","R","011039182-001","GENERAL DYNAMICS LAND SYSTEMS CANADA","LONDON, ON - 15745 Robins Hill Rd.","","3","ML","43:1:46","81:9:58",,1,"ON",,,"A","16K0FXWXN",8000,184
"3","R","011039182-001","GENERAL DYNAMICS LAND SYSTEMS CANADA","LONDON, ON - 15745 Robins Hill Rd.","","3","ML","43:1:46","81:9:58",,1,"ON",,,"A","16K0FXWXN",9000,507.5
"3","R","011039182-001","GENERAL DYNAMICS LAND SYSTEMS CANADA","LONDON, ON - 15745 Robins Hill Rd.","","3","ML","43:1:46","81:9:58",,1,"ON",,,"A","16K0FXWXN",9000,51.5
"3","R","011039182-001","GENERAL DYNAMICS LAND SYSTEMS CANADA","LONDON, ON - 15745 Robins Hill Rd.","","3","ML","43:1:46","81:9:58",,1,"ON",,,"A","16K0FXWXN",9000,60.5
"3","R","011039182-001","GENERAL DYNAMICS LAND SYSTEMS CANADA","LONDON, ON - 15745 Robins Hill Rd.","","3","ML","43:1:46","81:9:58",,1,"ON",,,"A","16K0FXWXN",9000,69.5
"3","R","011039182-001","GENERAL DYNAMICS LAND SYSTEMS CANADA","LONDON, ON - 15745 Robins Hill Rd.","","3","ML","43:1:46","81:9:58",,1,"ON",,,"A","16K0FXWXN",9000,78.5
"3","R","011039284-001","GENERAL DYNAMICS LAND SYSTEMS CANADA","LONDON, ON - 15745 Robins Hill Rd.","","3","ML","43:1:46","81:9:58",,1,"ON",,,"A","16K0FXWXN",4000,218
"3","R","011039284-001","GENERAL DYNAMICS LAND SYSTEMS CANADA","LONDON, ON - 15745 Robins Hill Rd.","","3","ML","43:1:46","81:9:58",,1,"ON",,,"A","16K0FXWXN",5000,482.5
"3","R","011039284-001","GENERAL DYNAMICS LAND SYSTEMS CANADA","LONDON, ON - 15745 Robins Hill Rd.","","3","ML","43:1:46","81:9:58",,1,"ON",,,"A","16K0FXWXN",5000,487.5
"3","R","011039284-001","GENERAL DYNAMICS LAND SYSTEMS CANADA","LONDON, ON - 15745 Robins Hill Rd.","","3","ML","43:1:46","81:9:58",,1,"ON",,,"A","16K0FXWXN",5000,85.5
"3","R","011039284-001","GENERAL DYNAMICS LAND SYSTEMS CANADA","LONDON, ON - 15745 Robins Hill Rd.","","3","ML","43:1:46","81:9:58",,1,"ON",,,"A","16K0FXWXN",6000,177
"3","R","011039284-001","GENERAL DYNAMICS LAND SYSTEMS CANADA","LONDON, ON - 15745 Robins Hill Rd.","","3","ML","43:1:46","81:9:58",,1,"ON",,,"A","16K0FXWXN",6000,605
"3","R","011039284-001","GENERAL DYNAMICS LAND SYSTEMS CANADA","LONDON, ON - 15745 Robins Hill Rd.","","3","ML","43:1:46","81:9:58",,1,"ON",,,"A","16K0FXWXN",8000,184
"3","R","011039284-001","GENERAL DYNAMICS LAND SYSTEMS CANADA","LONDON, ON - 15745 Robins Hill Rd.","","3","ML","43:1:46","81:9:58",,1,"ON",,,"A","16K0FXWXN",9000,507.5
"3","R","011039284-001","GENERAL DYNAMICS LAND SYSTEMS CANADA","LONDON, ON - 15745 Robins Hill Rd.","","3","ML","43:1:46","81:9:58",,1,"ON",,,"A","16K0FXWXN",9000,51.5
"3","R","011039284-001","GENERAL DYNAMICS LAND SYSTEMS CANADA","LONDON, ON - 15745 Robins Hill Rd.","","3","ML","43:1:46","81:9:58",,1,"ON",,,"A","16K0FXWXN",9000,60.5
"3","R","011039284-001","GENERAL DYNAMICS LAND SYSTEMS CANADA","LONDON, ON - 15745 Robins Hill Rd.","","3","ML","43:1:46","81:9:58",,1,"ON",,,"A","16K0FXWXN",9000,69.5
"3","R","011039284-001","GENERAL DYNAMICS LAND SYSTEMS CANADA","LONDON, ON - 15745 Robins Hill Rd.","","3","ML","43:1:46","81:9:58",,1,"ON",,,"A","16K0FXWXN",9000,78.5
"3","R","011052420-001","Anodyne Electronics Manufacturing Corp","100-966 Crowley Avenue, Kelowna, BC","","3","ML","49:53:54.29","119:28:50.54",,1,"BC",,,"A","11K0F3EJN",11,173.9975
"3","R","011052420-001","Anodyne Electronics Manufacturing Corp","100-966 Crowley Avenue, Kelowna, BC","","3","ML","49:53:54.29","119:28:50.54",,1,"BC",,,"A","11K0F3EJN",11,511.987
"3","R","011052420-001","Anodyne Electronics Manufacturing Corp","100-966 Crowley Avenue, Kelowna, BC","","3","ML","49:53:54.29","119:28:50.54",,1,"BC",,,"A","11K0F3EJN",11,519.9975
"3","R","011056811-001","Wave View Imaging Inc.","Calgary AB 3655 36 St NW","","15","LR","51:5:5.1","114:8:23.3",1126,.1,"AB",,2,"","100MF3N--",6000000,5000
"3","R","011062762-001","Google Canada Corporation","Canada Wide ? Mobile Handsets","","19","ML","57:38:16","92:49:20",,3000,"CW",,,"D","100MD7WET",3363000,2298.5
"3","R","011062762-001","Google Canada Corporation","Canada Wide ? Mobile Handsets","","19","ML","57:38:16","92:49:20",,3000,"CW",,,"D","20M0D7WET",9698000,5751
"3","R","011079502-001","HUWILP COMMUNICATIONS INC.","Carnaby, BC (Unprotected)","CHY985","6","FX","55:12:14.48","127:41:47.85",479,,"BC",,30,"D","6M00D7DXN",6000,473
"3","R","011079502-001","HUWILP COMMUNICATIONS INC.","Carnaby, BC (Unprotected)","CHY985","6","FX","55:12:14.48","127:41:47.85",479,,"BC",,30,"D","6M00D7DXN",6000,479
"3","R","011079502-001","HUWILP COMMUNICATIONS INC.","Carnaby, BC (Unprotected)","CHY985","6","FX","55:12:14.48","127:41:47.85",479,,"BC",,30,"D","6M00D7DXN",6000,485
"3","R","011079502-001","HUWILP COMMUNICATIONS INC.","Carnaby, BC (Unprotected)","CHY985","6","FX","55:12:14.48","127:41:47.85",479,,"BC",,30,"D","6M00D7DXN",6000,491
"3","R","011079502-001","HUWILP COMMUNICATIONS INC.","Carnaby, BC (Unprotected)","CHY985","6","FX","55:12:14.48","127:41:47.85",479,,"BC",,30,"D","6M00D7DXN",6000,497
"3","R","011079502-001","HUWILP COMMUNICATIONS INC.","Carnaby, BC (Unprotected)","CHY985","6","FX","55:12:14.48","127:41:47.85",479,,"BC",,30,"D","6M00D7DXN",6000,503
"3","R","011079502-001","HUWILP COMMUNICATIONS INC.","Carnaby, BC (Unprotected)","CHY985","6","FX","55:12:14.48","127:41:47.85",479,,"BC",,30,"D","6M00D7DXN",6000,509
"3","T","010429113-004","Daniels Electronics Ltd dba Zetron, a Codan Company","VICTORIA BC, 200-2621 Douglas Street","VX9CAF","6","FB","48:26:13.56","123:21:55.65",15,,"BC",-10.8,5,"A","36M0F3EJN",36000,156
"3","T","010429113-004","Daniels Electronics Ltd dba Zetron, a Codan Company","VICTORIA BC, 200-2621 Douglas Street","VX9CAF","6","FB","48:26:13.56","123:21:55.65",15,,"BC",0,1,"D","990MF3EJN",990000,505
"3","T","010437307-003","6Harmonics Inc.","NEPEAN, ON (21 CONCOURSE GATE)","VX9GDW","7","FB","45:20:37","75:42:32",66,1,"ON",1.8309,5,"D","5M00F1D",6000,563
"3","T","010437307-003","6Harmonics Inc.","NEPEAN, ON (21 CONCOURSE GATE)","VX9GDW","7","FB","45:20:37","75:42:32",66,1,"ON",1.8309,5,"D","5M00F1D",6000,575
"3","T","010437307-003","6Harmonics Inc.","NEPEAN, ON (21 CONCOURSE GATE)","VX9GDW","7","FB","45:20:37","75:42:32",66,1,"ON",1.8309,5,"D","5M00F1D",6000,605
"3","T","010446097-001","BERLET ELECTRONICS LTD","TORONTO ONT","VX9CTM","6","FB","43:39:54","79:38:54",169,,"",0,2,"A","11K0F1DNN",11,72
"3","T","010459583-001","SPECIAL PROJECTS INC. KAJ HEDIN","EKATI MINE","VX9GGA","7","FX","64:45:0","110:39:0",474,40,"NT",-.20024,1,"A","168MP0N",168000,34.2
"3","T","010508761-005","GENERAL DYNAMICS LAND SYSTEMS CANADA","LONDON, ON - 1991 OXFORD ST. E","","3","ML","43:1:5","81:10:23",,50,"ON",16.9897,,"A","16K0FXWXN",4000,218
"3","T","010508761-005","GENERAL DYNAMICS LAND SYSTEMS CANADA","LONDON, ON - 1991 OXFORD ST. E","","3","ML","43:1:5","81:10:23",,50,"ON",16.9897,,"A","16K0FXWXN",5000,482.5
"3","T","010508761-005","GENERAL DYNAMICS LAND SYSTEMS CANADA","LONDON, ON - 1991 OXFORD ST. E","","3","ML","43:1:5","81:10:23",,50,"ON",16.9897,,"A","16K0FXWXN",5000,487.5
"3","T","010508761-005","GENERAL DYNAMICS LAND SYSTEMS CANADA","LONDON, ON - 1991 OXFORD ST. E","","3","ML","43:1:5","81:10:23",,50,"ON",16.9897,,"A","16K0FXWXN",5000,85.5
"3","T","010508761-005","GENERAL DYNAMICS LAND SYSTEMS CANADA","LONDON, ON - 1991 OXFORD ST. E","","3","ML","43:1:5","81:10:23",,50,"ON",16.9897,,"A","16K0FXWXN",6000,177
"3","T","010508761-005","GENERAL DYNAMICS LAND SYSTEMS CANADA","LONDON, ON - 1991 OXFORD ST. E","","3","ML","43:1:5","81:10:23",,50,"ON",16.9897,,"A","16K0FXWXN",8000,184
"3","T","010508761-005","GENERAL DYNAMICS LAND SYSTEMS CANADA","LONDON, ON - 1991 OXFORD ST. E","","3","ML","43:1:5","81:10:23",,50,"ON",16.9897,,"A","16K0FXWXN",9000,507.5
"3","T","010508761-005","GENERAL DYNAMICS LAND SYSTEMS CANADA","LONDON, ON - 1991 OXFORD ST. E","","3","ML","43:1:5","81:10:23",,50,"ON",16.9897,,"A","16K0FXWXN",9000,51.5
"3","T","010508761-005","GENERAL DYNAMICS LAND SYSTEMS CANADA","LONDON, ON - 1991 OXFORD ST. E","","3","ML","43:1:5","81:10:23",,50,"ON",16.9897,,"A","16K0FXWXN",9000,60.5
"3","T","010508761-005","GENERAL DYNAMICS LAND SYSTEMS CANADA","LONDON, ON - 1991 OXFORD ST. E","","3","ML","43:1:5","81:10:23",,50,"ON",16.9897,,"A","16K0FXWXN",9000,69.5
"3","T","010508761-005","GENERAL DYNAMICS LAND SYSTEMS CANADA","LONDON, ON - 1991 OXFORD ST. E","","3","ML","43:1:5","81:10:23",,50,"ON",16.9897,,"A","16K0FXWXN",9000,78.5
"3","T","010633079-001","VALCOM LIMITED","GUELPH ONTARIO","VX9LLH","15","LR","43:30:0","80:8:59",335,350,"",16.40481,15,"D","100HA1AAN",.1,76
"3","T","010726102-005","Tigercat Product Compliance","PARIS, ON - 141 CONSOLIDATED DR","","3","ML","43:11:54","80:22:18",,1,"ON",20,,"A","1K00H3NXN",4000,218
"3","T","010726102-005","Tigercat Product Compliance","PARIS, ON - 141 CONSOLIDATED DR","","3","ML","43:11:54","80:22:18",,1,"ON",20,,"A","1K00H3NXN",5000,482.5
"3","T","010726102-005","Tigercat Product Compliance","PARIS, ON - 141 CONSOLIDATED DR","","3","ML","43:11:54","80:22:18",,1,"ON",20,,"A","1K00H3NXN",5000,487.5
"3","T","010726102-005","Tigercat Product Compliance","PARIS, ON - 141 CONSOLIDATED DR","","3","ML","43:11:54","80:22:18",,1,"ON",20,,"A","1K00H3NXN",5000,85.5
"3","T","010726102-005","Tigercat Product Compliance","PARIS, ON - 141 CONSOLIDATED DR","","3","ML","43:11:54","80:22:18",,1,"ON",20,,"A","1K00H3NXN",6000,177
"3","T","010726102-005","Tigercat Product Compliance","PARIS, ON - 141 CONSOLIDATED DR","","3","ML","43:11:54","80:22:18",,1,"ON",20,,"A","1K00H3NXN",8000,184
"3","T","010726102-005","Tigercat Product Compliance","PARIS, ON - 141 CONSOLIDATED DR","","3","ML","43:11:54","80:22:18",,1,"ON",20,,"A","1K00H3NXN",9000,507.5
"3","T","010726102-005","Tigercat Product Compliance","PARIS, ON - 141 CONSOLIDATED DR","","3","ML","43:11:54","80:22:18",,1,"ON",20,,"A","1K00H3NXN",9000,51.5
"3","T","010726102-005","Tigercat Product Compliance","PARIS, ON - 141 CONSOLIDATED DR","","3","ML","43:11:54","80:22:18",,1,"ON",20,,"A","1K00H3NXN",9000,60.5
"3","T","010726102-005","Tigercat Product Compliance","PARIS, ON - 141 CONSOLIDATED DR","","3","ML","43:11:54","80:22:18",,1,"ON",20,,"A","1K00H3NXN",9000,69.5
"3","T","010726102-005","Tigercat Product Compliance","PARIS, ON - 141 CONSOLIDATED DR","","3","ML","43:11:54","80:22:18",,1,"ON",20,,"A","1K00H3NXN",9000,78.5
"3","T","010840910-003","TELUS Communications Inc.","Edmonton, AB","","3","ML","53:30:30","113:30:30",,10,"AB",0,,"D","800MGXDXW",800000,27.9
"3","T","010840910-003","TELUS Communications Inc.","Edmonton, AB","","7","FX","53:30:30","113:30:30",,10,"AB",35,1,"D","800MGXDXW",800000,27.9
"3","T","010896564-005","Rogers Communications Canada Inc.","Vancouver BC, UBC Campus","","3","MA","49:15:41.2","123:14:37.89",,2,"BC",-6.9897,,"D","5M00W7D--",5000,665.5
"3","T","011007750-002","Advanced Interactive Canada Inc.","SBA Tower","","6","FX","54:2:4.92","115:42:57.54",1163,,"AB",27.01568,30,"D","6M00X7XN",6000,560
"3","T","011007750-002","Advanced Interactive Canada Inc.","SBA Tower","","6","FX","54:2:4.92","115:42:57.54",1163,,"AB",27.01568,30,"D","6M00X7XN",6000,566
"3","T","011007750-002","Advanced Interactive Canada Inc.","SBA Tower","","6","FX","54:2:4.92","115:42:57.54",1163,,"AB",27.01568,30,"D","6M00X7XN",6000,572
"3","T","011007750-002","Advanced Interactive Canada Inc.","SBA Tower","","6","FX","54:2:4.92","115:42:57.54",1163,,"AB",27.01568,30,"D","6M00X7XN",6000,578
"3","T","011007750-002","Advanced Interactive Canada Inc.","SBA Tower","","6","FX","54:2:4.92","115:42:57.54",1163,,"AB",27.01568,30,"D","6M00X7XN",6000,584
"3","T","011007750-002","Advanced Interactive Canada Inc.","SBA Tower","","6","FX","54:2:4.92","115:42:57.54",1163,,"AB",27.01568,30,"D","6M00X7XN",6000,590
"3","T","011007750-002","Advanced Interactive Canada Inc.","SBA Tower","","6","FX","54:2:4.92","115:42:57.54",1163,,"AB",27.01568,30,"D","6M00X7XN",6000,596
"3","T","011007750-002","Advanced Interactive Canada Inc.","SBA Tower","","6","FX","54:2:4.92","115:42:57.54",1163,,"AB",27.01568,30,"D","6M00X7XN",6000,602
"3","T","011007750-002","Advanced Interactive Canada Inc.","Whitecourt, AB","","7","FX","54:2:4.92","115:42:57.54",,30,"AB",20,10,"D","6M00X7XN",6000,476
"3","T","011007750-002","Advanced Interactive Canada Inc.","Whitecourt, AB","","7","FX","54:2:4.92","115:42:57.54",,30,"AB",20,10,"D","6M00X7XN",6000,482
"3","T","011007750-002","Advanced Interactive Canada Inc.","Whitecourt, AB","","7","FX","54:2:4.92","115:42:57.54",,30,"AB",20,10,"D","6M00X7XN",6000,488
"3","T","011007750-002","Advanced Interactive Canada Inc.","Whitecourt, AB","","7","FX","54:2:4.92","115:42:57.54",,30,"AB",20,10,"D","6M00X7XN",6000,494
"3","T","011007750-002","Advanced Interactive Canada Inc.","Whitecourt, AB","","7","FX","54:2:4.92","115:42:57.54",,30,"AB",20,10,"D","6M00X7XN",6000,500
"3","T","011007750-002","Advanced Interactive Canada Inc.","Whitecourt, AB","","7","FX","54:2:4.92","115:42:57.54",,30,"AB",20,10,"D","6M00X7XN",6000,506
"3","T","011016954-001","Advanced Interactive Canada Inc.","Moosomin & Saulteau First Nations, SK (Unprotected)","CHC472","6","FX","53:4:23.9","108:20:17.9",565,,"SK",24.8413,45,"D","6M00D7DXN",6000,515
"3","T","011016954-001","Advanced Interactive Canada Inc.","Moosomin & Saulteau First Nations, SK (Unprotected)","CHC472","6","FX","53:4:23.9","108:20:17.9",565,,"SK",24.8413,45,"D","6M00D7DXN",6000,521
"3","T","011016954-001","Advanced Interactive Canada Inc.","Moosomin & Saulteau First Nations, SK (Unprotected)","CHC472","6","FX","53:4:23.9","108:20:17.9",565,,"SK",24.8413,45,"D","6M00D7DXN",6000,527
"3","T","011016954-001","Advanced Interactive Canada Inc.","Moosomin & Saulteau First Nations, SK (Unprotected)","CHC472","6","FX","53:4:23.9","108:20:17.9",565,,"SK",24.8413,45,"D","6M00D7DXN",6000,533
"3","T","011016954-001","Advanced Interactive Canada Inc.","Moosomin & Saulteau First Nations, SK (Unprotected)","CHC472","6","FX","53:4:23.9","108:20:17.9",565,,"SK",24.8413,45,"D","6M00D7DXN",6000,539
"3","T","011016954-001","Advanced Interactive Canada Inc.","Moosomin & Saulteau First Nations, SK (Unprotected)","CHC472","6","FX","53:4:23.9","108:20:17.9",565,,"SK",24.8413,45,"D","6M00D7DXN",6000,545
"3","T","011016954-001","Advanced Interactive Canada Inc.","Moosomin & Saulteau First Nations, SK (Unprotected)","CHC472","6","FX","53:4:23.9","108:20:17.9",565,,"SK",24.8413,45,"D","6M00D7DXN",6000,551
"3","T","011016954-001","Advanced Interactive Canada Inc.","Moosomin & Saulteau First Nations, SK (Unprotected)","CHC472","6","FX","53:4:23.9","108:20:17.9",565,,"SK",24.8413,45,"D","6M00D7DXN",6000,557
"3","T","011016954-001","Advanced Interactive Canada Inc.","Moosomin & Saulteau First Nations, SK (Unprotected)","CHC472","6","FX","53:4:23.9","108:20:17.9",565,,"SK",24.8413,45,"D","6M00D7DXN",6000,563
"3","T","011016954-001","Advanced Interactive Canada Inc.","Moosomin & Saulteau First Nations, SK (Unprotected)","CHC472","6","FX","53:4:23.9","108:20:17.9",565,,"SK",24.8413,45,"D","6M00D7DXN",6000,569
"3","T","011016954-001","Advanced Interactive Canada Inc.","Moosomin & Saulteau First Nations, SK (Unprotected)","CHC472","6","FX","53:4:23.9","108:20:17.9",565,,"SK",24.8413,45,"D","6M00D7DXN",6000,575
"3","T","011016954-001","Advanced Interactive Canada Inc.","Moosomin & Saulteau First Nations, SK (Unprotected)","CHC472","6","FX","53:4:23.9","108:20:17.9",565,,"SK",24.8413,45,"D","6M00D7DXN",6000,581
"3","T","011016954-001","Advanced Interactive Canada Inc.","Moosomin & Saulteau First Nations, SK (Unprotected)","CHC472","6","FX","53:4:23.9","108:20:17.9",565,,"SK",24.8413,45,"D","6M00D7DXN",6000,587
"3","T","011016954-001","Advanced Interactive Canada Inc.","Moosomin & Saulteau First Nations, SK (Unprotected)","CHC472","6","FX","53:4:23.9","108:20:17.9",565,,"SK",24.8413,45,"D","6M00D7DXN",6000,593
"3","T","011016954-001","Advanced Interactive Canada Inc.","Moosomin & Saulteau First Nations, SK (Unprotected)","CHC472","6","FX","53:4:23.9","108:20:17.9",565,,"SK",24.8413,45,"D","6M00D7DXN",6000,599
"3","T","011016954-001","Advanced Interactive Canada Inc.","Moosomin & Saulteau First Nations, SK (Unprotected)","CHC472","6","FX","53:4:23.9","108:20:17.9",565,,"SK",24.8413,45,"D","6M00D7DXN",6000,605
"3","T","011017235-001","Advanced Interactive Canada Inc.","Elizabeth Metis Settlement (Unprotected)","CHC463","6","FX","54:4:43.7","110:9:17.8",733,,"AB",24.8413,35,"D","6M00D7DXN",6000,515
"3","T","011017235-001","Advanced Interactive Canada Inc.","Elizabeth Metis Settlement (Unprotected)","CHC463","6","FX","54:4:43.7","110:9:17.8",733,,"AB",24.8413,35,"D","6M00D7DXN",6000,521
"3","T","011017235-001","Advanced Interactive Canada Inc.","Elizabeth Metis Settlement (Unprotected)","CHC463","6","FX","54:4:43.7","110:9:17.8",733,,"AB",24.8413,35,"D","6M00D7DXN",6000,527
"3","T","011017235-001","Advanced Interactive Canada Inc.","Elizabeth Metis Settlement (Unprotected)","CHC463","6","FX","54:4:43.7","110:9:17.8",733,,"AB",24.8413,35,"D","6M00D7DXN",6000,533
"3","T","011017235-001","Advanced Interactive Canada Inc.","Elizabeth Metis Settlement (Unprotected)","CHC463","6","FX","54:4:43.7","110:9:17.8",733,,"AB",24.8413,35,"D","6M00D7DXN",6000,539
"3","T","011017235-001","Advanced Interactive Canada Inc.","Elizabeth Metis Settlement (Unprotected)","CHC463","6","FX","54:4:43.7","110:9:17.8",733,,"AB",24.8413,35,"D","6M00D7DXN",6000,545
"3","T","011017235-001","Advanced Interactive Canada Inc.","Elizabeth Metis Settlement (Unprotected)","CHC463","6","FX","54:4:43.7","110:9:17.8",733,,"AB",24.8413,35,"D","6M00D7DXN",6000,551
"3","T","011017235-001","Advanced Interactive Canada Inc.","Elizabeth Metis Settlement (Unprotected)","CHC463","6","FX","54:4:43.7","110:9:17.8",733,,"AB",24.8413,35,"D","6M00D7DXN",6000,557
"3","T","011017235-001","Advanced Interactive Canada Inc.","Elizabeth Metis Settlement (Unprotected)","CHC463","6","FX","54:4:43.7","110:9:17.8",733,,"AB",24.8413,35,"D","6M00D7DXN",6000,563
"3","T","011017235-001","Advanced Interactive Canada Inc.","Elizabeth Metis Settlement (Unprotected)","CHC463","6","FX","54:4:43.7","110:9:17.8",733,,"AB",24.8413,35,"D","6M00D7DXN",6000,569
"3","T","011017235-001","Advanced Interactive Canada Inc.","Elizabeth Metis Settlement (Unprotected)","CHC463","6","FX","54:4:43.7","110:9:17.8",733,,"AB",24.8413,35,"D","6M00D7DXN",6000,575
"3","T","011017235-001","Advanced Interactive Canada Inc.","Elizabeth Metis Settlement (Unprotected)","CHC463","6","FX","54:4:43.7","110:9:17.8",733,,"AB",24.8413,35,"D","6M00D7DXN",6000,581
"3","T","011017235-001","Advanced Interactive Canada Inc.","Elizabeth Metis Settlement (Unprotected)","CHC463","6","FX","54:4:43.7","110:9:17.8",733,,"AB",24.8413,35,"D","6M00D7DXN",6000,587
"3","T","011017235-001","Advanced Interactive Canada Inc.","Elizabeth Metis Settlement (Unprotected)","CHC463","6","FX","54:4:43.7","110:9:17.8",733,,"AB",24.8413,35,"D","6M00D7DXN",6000,593
"3","T","011017235-001","Advanced Interactive Canada Inc.","Elizabeth Metis Settlement (Unprotected)","CHC463","6","FX","54:4:43.7","110:9:17.8",733,,"AB",24.8413,35,"D","6M00D7DXN",6000,599
"3","T","011017235-001","Advanced Interactive Canada Inc.","Elizabeth Metis Settlement (Unprotected)","CHC463","6","FX","54:4:43.7","110:9:17.8",733,,"AB",24.8413,35,"D","6M00D7DXN",6000,605
"3","T","011017244-001","Advanced Interactive Canada Inc.","Buffalo Lake, AB (Unprotected)","CHC468","6","FX","54:32:26.9","112:30:26.6",653,,"AB",24.8413,35,"D","6M00D7DXN",6000,515
"3","T","011017244-001","Advanced Interactive Canada Inc.","Buffalo Lake, AB (Unprotected)","CHC468","6","FX","54:32:26.9","112:30:26.6",653,,"AB",24.8413,35,"D","6M00D7DXN",6000,521
"3","T","011017244-001","Advanced Interactive Canada Inc.","Buffalo Lake, AB (Unprotected)","CHC468","6","FX","54:32:26.9","112:30:26.6",653,,"AB",24.8413,35,"D","6M00D7DXN",6000,527
"3","T","011017244-001","Advanced Interactive Canada Inc.","Buffalo Lake, AB (Unprotected)","CHC468","6","FX","54:32:26.9","112:30:26.6",653,,"AB",24.8413,35,"D","6M00D7DXN",6000,533
"3","T","011017244-001","Advanced Interactive Canada Inc.","Buffalo Lake, AB (Unprotected)","CHC468","6","FX","54:32:26.9","112:30:26.6",653,,"AB",24.8413,35,"D","6M00D7DXN",6000,545
"3","T","011017244-001","Advanced Interactive Canada Inc.","Buffalo Lake, AB (Unprotected)","CHC468","6","FX","54:32:26.9","112:30:26.6",653,,"AB",24.8413,35,"D","6M00D7DXN",6000,551
"3","T","011017244-001","Advanced Interactive Canada Inc.","Buffalo Lake, AB (Unprotected)","CHC468","6","FX","54:32:26.9","112:30:26.6",653,,"AB",24.8413,35,"D","6M00D7DXN",6000,557
"3","T","011017244-001","Advanced Interactive Canada Inc.","Buffalo Lake, AB (Unprotected)","CHC468","6","FX","54:32:26.9","112:30:26.6",653,,"AB",24.8413,35,"D","6M00D7DXN",6000,563
"3","T","011017244-001","Advanced Interactive Canada Inc.","Buffalo Lake, AB (Unprotected)","CHC468","6","FX","54:32:26.9","112:30:26.6",653,,"AB",24.8413,35,"D","6M00D7DXN",6000,569
"3","T","011017244-001","Advanced Interactive Canada Inc.","Buffalo Lake, AB (Unprotected)","CHC468","6","FX","54:32:26.9","112:30:26.6",653,,"AB",24.8413,35,"D","6M00D7DXN",6000,575
"3","T","011017244-001","Advanced Interactive Canada Inc.","Buffalo Lake, AB (Unprotected)","CHC468","6","FX","54:32:26.9","112:30:26.6",653,,"AB",24.8413,35,"D","6M00D7DXN",6000,581
"3","T","011017244-001","Advanced Interactive Canada Inc.","Buffalo Lake, AB (Unprotected)","CHC468","6","FX","54:32:26.9","112:30:26.6",653,,"AB",24.8413,35,"D","6M00D7DXN",6000,587
"3","T","011017244-001","Advanced Interactive Canada Inc.","Buffalo Lake, AB (Unprotected)","CHC468","6","FX","54:32:26.9","112:30:26.6",653,,"AB",24.8413,35,"D","6M00D7DXN",6000,593
"3","T","011017244-001","Advanced Interactive Canada Inc.","Buffalo Lake, AB (Unprotected)","CHC468","6","FX","54:32:26.9","112:30:26.6",653,,"AB",24.8413,35,"D","6M00D7DXN",6000,599
"3","T","011017244-001","Advanced Interactive Canada Inc.","Buffalo Lake, AB (Unprotected)","CHC468","6","FX","54:32:26.9","112:30:26.6",653,,"AB",24.8413,35,"D","6M00D7DXN",6000,605
"3","T","011024187-002","City of Calgary - Smart Cities","79 Artist View Point Calgary AB - Harvard Site SE-30-24-2-WS","","6","FB","51:4:21.75","114:15:36.5",1280,,"AB",40,255,"D","6M0W7D-N",6000,527
"3","T","011039182-001","GENERAL DYNAMICS LAND SYSTEMS CANADA","LONDON, ON - 15745 Robins Hill Rd.","","3","ML","43:1:46","81:9:58",,1,"ON",-10,,"A","16K0FXWXN",4000,218
"3","T","011039182-001","GENERAL DYNAMICS LAND SYSTEMS CANADA","LONDON, ON - 15745 Robins Hill Rd.","","3","ML","43:1:46","81:9:58",,1,"ON",-10,,"A","16K0FXWXN",5000,482.5
"3","T","011039182-001","GENERAL DYNAMICS LAND SYSTEMS CANADA","LONDON, ON - 15745 Robins Hill Rd.","","3","ML","43:1:46","81:9:58",,1,"ON",-10,,"A","16K0FXWXN",5000,487.5
"3","T","011039182-001","GENERAL DYNAMICS LAND SYSTEMS CANADA","LONDON, ON - 15745 Robins Hill Rd.","","3","ML","43:1:46","81:9:58",,1,"ON",-10,,"A","16K0FXWXN",5000,85.5
"3","T","011039182-001","GENERAL DYNAMICS LAND SYSTEMS CANADA","LONDON, ON - 15745 Robins Hill Rd.","","3","ML","43:1:46","81:9:58",,1,"ON",-10,,"A","16K0FXWXN",6000,177
"3","T","011039182-001","GENERAL DYNAMICS LAND SYSTEMS CANADA","LONDON, ON - 15745 Robins Hill Rd.","","3","ML","43:1:46","81:9:58",,1,"ON",-10,,"A","16K0FXWXN",6000,605
"3","T","011039182-001","GENERAL DYNAMICS LAND SYSTEMS CANADA","LONDON, ON - 15745 Robins Hill Rd.","","3","ML","43:1:46","81:9:58",,1,"ON",-10,,"A","16K0FXWXN",8000,184
"3","T","011039182-001","GENERAL DYNAMICS LAND SYSTEMS CANADA","LONDON, ON - 15745 Robins Hill Rd.","","3","ML","43:1:46","81:9:58",,1,"ON",-10,,"A","16K0FXWXN",9000,507.5
"3","T","011039182-001","GENERAL DYNAMICS LAND SYSTEMS CANADA","LONDON, ON - 15745 Robins Hill Rd.","","3","ML","43:1:46","81:9:58",,1,"ON",-10,,"A","16K0FXWXN",9000,51.5
"3","T","011039182-001","GENERAL DYNAMICS LAND SYSTEMS CANADA","LONDON, ON - 15745 Robins Hill Rd.","","3","ML","43:1:46","81:9:58",,1,"ON",-10,,"A","16K0FXWXN",9000,60.5
"3","T","011039182-001","GENERAL DYNAMICS LAND SYSTEMS CANADA","LONDON, ON - 15745 Robins Hill Rd.","","3","ML","43:1:46","81:9:58",,1,"ON",-10,,"A","16K0FXWXN",9000,69.5
"3","T","011039182-001","GENERAL DYNAMICS LAND SYSTEMS CANADA","LONDON, ON - 15745 Robins Hill Rd.","","3","ML","43:1:46","81:9:58",,1,"ON",-10,,"A","16K0FXWXN",9000,78.5
"3","T","011039284-001","GENERAL DYNAMICS LAND SYSTEMS CANADA","LONDON, ON - 15745 Robins Hill Rd.","","3","ML","43:1:46","81:9:58",,1,"ON",20,,"A","16K0FXWXN",4000,218
"3","T","011039284-001","GENERAL DYNAMICS LAND SYSTEMS CANADA","LONDON, ON - 15745 Robins Hill Rd.","","3","ML","43:1:46","81:9:58",,1,"ON",20,,"A","16K0FXWXN",5000,482.5
"3","T","011039284-001","GENERAL DYNAMICS LAND SYSTEMS CANADA","LONDON, ON - 15745 Robins Hill Rd.","","3","ML","43:1:46","81:9:58",,1,"ON",20,,"A","16K0FXWXN",5000,487.5
"3","T","011039284-001","GENERAL DYNAMICS LAND SYSTEMS CANADA","LONDON, ON - 15745 Robins Hill Rd.","","3","ML","43:1:46","81:9:58",,1,"ON",20,,"A","16K0FXWXN",5000,85.5
"3","T","011039284-001","GENERAL DYNAMICS LAND SYSTEMS CANADA","LONDON, ON - 15745 Robins Hill Rd.","","3","ML","43:1:46","81:9:58",,1,"ON",20,,"A","16K0FXWXN",6000,177
"3","T","011039284-001","GENERAL DYNAMICS LAND SYSTEMS CANADA","LONDON, ON - 15745 Robins Hill Rd.","","3","ML","43:1:46","81:9:58",,1,"ON",20,,"A","16K0FXWXN",6000,605
"3","T","011039284-001","GENERAL DYNAMICS LAND SYSTEMS CANADA","LONDON, ON - 15745 Robins Hill Rd.","","3","ML","43:1:46","81:9:58",,1,"ON",20,,"A","16K0FXWXN",8000,184
"3","T","011039284-001","GENERAL DYNAMICS LAND SYSTEMS CANADA","LONDON, ON - 15745 Robins Hill Rd.","","3","ML","43:1:46","81:9:58",,1,"ON",20,,"A","16K0FXWXN",9000,507.5
"3","T","011039284-001","GENERAL DYNAMICS LAND SYSTEMS CANADA","LONDON, ON - 15745 Robins Hill Rd.","","3","ML","43:1:46","81:9:58",,1,"ON",20,,"A","16K0FXWXN",9000,51.5
"3","T","011039284-001","GENERAL DYNAMICS LAND SYSTEMS CANADA","LONDON, ON - 15745 Robins Hill Rd.","","3","ML","43:1:46","81:9:58",,1,"ON",20,,"A","16K0FXWXN",9000,60.5
"3","T","011039284-001","GENERAL DYNAMICS LAND SYSTEMS CANADA","LONDON, ON - 15745 Robins Hill Rd.","","3","ML","43:1:46","81:9:58",,1,"ON",20,,"A","16K0FXWXN",9000,69.5
"3","T","011039284-001","GENERAL DYNAMICS LAND SYSTEMS CANADA","LONDON, ON - 15745 Robins Hill Rd.","","3","ML","43:1:46","81:9:58",,1,"ON",20,,"A","16K0FXWXN",9000,78.5
"3","T","011052420-001","Anodyne Electronics Manufacturing Corp","100-966 Crowley Avenue, Kelowna, BC","","3","ML","49:53:54.29","119:28:50.54",,1,"BC",,,"A","11K0F3EJN",11,173.9975
"3","T","011052420-001","Anodyne Electronics Manufacturing Corp","100-966 Crowley Avenue, Kelowna, BC","","3","ML","49:53:54.29","119:28:50.54",,1,"BC",,,"A","11K0F3EJN",11,511.987
"3","T","011052420-001","Anodyne Electronics Manufacturing Corp","100-966 Crowley Avenue, Kelowna, BC","","3","ML","49:53:54.29","119:28:50.54",,1,"BC",,,"A","11K0F3EJN",11,519.9975
"3","T","011056811-001","Wave View Imaging Inc.","Calgary AB 3655 36 St NW","","15","LR","51:5:5.1","114:8:23.3",1126,.1,"AB",-80,2,"","100MF3N--",6000000,5000
"3","T","011062762-001","Google Canada Corporation","Canada Wide ? Mobile Handsets","","19","ML","57:38:16","92:49:20",,3000,"CW",5.64894,,"D","100MD7WET",3363000,2298.5
"3","T","011062762-001","Google Canada Corporation","Canada Wide ? Mobile Handsets","","19","ML","57:38:16","92:49:20",,3000,"CW",6.02052,,"D","20M0D7WET",9698000,5751
"3","T","011077761-001","Humber College B?C Lab","Etobicoke, ON, 205 Humber College Blvd.","VBA255","6","BT","43:43:43","79:36:19.2",165,,"ON",27.5206,35.8,"D","6M00C7W",6000,521
"3","T","011077761-001","Humber College B?C Lab","Etobicoke, ON, 205 Humber College Blvd.","VBA255","6","BT","43:43:43","79:36:19.2",165,,"ON",27.5206,35.8,"D","6M00C7W",6000,557
"3","T","011079323-001","Humber College B?C Lab","Etobicoke, ON, 110 Carrier Drive","VBA256","6","BT","43:44:24.8","79:36:43.1",168,,"ON",14.3097,35.8,"D","6M00C7W",6000,521
"3","T","011079323-001","Humber College B?C Lab","Etobicoke, ON, 110 Carrier Drive","VBA256","6","BT","43:44:24.8","79:36:43.1",168,,"ON",14.3097,35.8,"D","6M00C7W",6000,557
"3","T","011079333-001","Humber College B?C Lab","Etobicoke, ON, 19 Col Samuel Smith Park Dr.","VBA257","6","BT","43:35:45.5","79:30:53.9",84,,"ON",24.2403,30.7,"D","6M00C7W",6000,521
"3","T","011079333-001","Humber College B?C Lab","Etobicoke, ON, 19 Col Samuel Smith Park Dr.","VBA257","6","BT","43:35:45.5","79:30:53.9",84,,"ON",24.2403,30.7,"D","6M00C7W",6000,557
"3","T","011079338-001","Humber College B?C Lab","Toronto, ON, 290 Bremner Blvd.","","6","BT","43:38:33","79:23:14",80,,"ON",16.9818,505,"D","6M00C7W",6000,557
"3","T","011079502-001","HUWILP COMMUNICATIONS INC.","Carnaby, BC (Unprotected)","CHY985","6","FX","55:12:14.48","127:41:47.85",479,,"BC",24.8413,27,"D","6M00D7DXN",6000,521
"3","T","011079502-001","HUWILP COMMUNICATIONS INC.","Carnaby, BC (Unprotected)","CHY985","6","FX","55:12:14.48","127:41:47.85",479,,"BC",24.8413,27,"D","6M00D7DXN",6000,527
"3","T","011079502-001","HUWILP COMMUNICATIONS INC.","Carnaby, BC (Unprotected)","CHY985","6","FX","55:12:14.48","127:41:47.85",479,,"BC",24.8413,27,"D","6M00D7DXN",6000,533
"3","T","011079502-001","HUWILP COMMUNICATIONS INC.","Carnaby, BC (Unprotected)","CHY985","6","FX","55:12:14.48","127:41:47.85",479,,"BC",24.8413,27,"D","6M00D7DXN",6000,539
"3","T","011079502-001","HUWILP COMMUNICATIONS INC.","Carnaby, BC (Unprotected)","CHY985","6","FX","55:12:14.48","127:41:47.85",479,,"BC",24.8413,27,"D","6M00D7DXN",6000,545
"3","T","011079502-001","HUWILP COMMUNICATIONS INC.","Carnaby, BC (Unprotected)","CHY985","6","FX","55:12:14.48","127:41:47.85",479,,"BC",24.8413,27,"D","6M00D7DXN",6000,551
"3","T","011079502-001","HUWILP COMMUNICATIONS INC.","Carnaby, BC (Unprotected)","CHY985","6","FX","55:12:14.48","127:41:47.85",479,,"BC",24.8413,27,"D","6M00D7DXN",6000,557
"3","T","011079502-001","HUWILP COMMUNICATIONS INC.","Carnaby, BC (Unprotected)","CHY985","6","FX","55:12:14.48","127:41:47.85",479,,"BC",24.8413,27,"D","6M00D7DXN",6000,563
"3","T","011079502-001","HUWILP COMMUNICATIONS INC.","Carnaby, BC (Unprotected)","CHY985","6","FX","55:12:14.48","127:41:47.85",479,,"BC",24.8413,27,"D","6M00D7DXN",6000,569
"3","T","011079502-001","HUWILP COMMUNICATIONS INC.","Carnaby, BC (Unprotected)","CHY985","6","FX","55:12:14.48","127:41:47.85",479,,"BC",24.8413,27,"D","6M00D7DXN",6000,575
"3","T","011079502-001","HUWILP COMMUNICATIONS INC.","Carnaby, BC (Unprotected)","CHY985","6","FX","55:12:14.48","127:41:47.85",479,,"BC",24.8413,27,"D","6M00D7DXN",6000,581
"3","T","011079502-001","HUWILP COMMUNICATIONS INC.","Carnaby, BC (Unprotected)","CHY985","6","FX","55:12:14.48","127:41:47.85",479,,"BC",24.8413,27,"D","6M00D7DXN",6000,587
"3","T","011079502-001","HUWILP COMMUNICATIONS INC.","Carnaby, BC (Unprotected)","CHY985","6","FX","55:12:14.48","127:41:47.85",479,,"BC",24.8413,27,"D","6M00D7DXN",6000,593
"3","T","011079502-001","HUWILP COMMUNICATIONS INC.","Carnaby, BC (Unprotected)","CHY985","6","FX","55:12:14.48","127:41:47.85",479,,"BC",24.8413,27,"D","6M00D7DXN",6000,599
"3","T","011079502-001","HUWILP COMMUNICATIONS INC.","Carnaby, BC (Unprotected)","CHY985","6","FX","55:12:14.48","127:41:47.85",479,,"BC",24.8413,27,"D","6M00D7DXN",6000,605
"4","R","010314119-001","DEREK MOOS","ECKVILLE ALTA (NE 4/40/03/W5)","VBF852","6","FB","52	:24:59","114:21:59",945,,"AB",,6,"A","16K0F3EJN",16,173.985
"4","R","010315291-001","Norbord Inc. (West Fraser Mills ltd)","SADDLE HILLS WEST AB","VDH258","8","FX","55	:36:45","119:20:15",975,,"AB",,30,"A","16K0F3EJN",16,174
"4","R","010317315-001","GARNET C SUTTON","MARSHALL SASK","CYH758","6","FB","53	:10:14","109:45:43",617,,"SK",,10,"A","16K0F3EJN",16,174
"4","R","010324935-001","Rogers Media Inc. A-Channel","EDMONTON,AB 10212 JASPER AVE","VDL801","8","FX","53	:32:29","113:29:46",663,,"AB",,1,"A","16K0F3EGN",16,207.425
"4","R","010324935-001","Rogers Media Inc. A-Channel","EDMONTON,AB 10212 JASPER AVE","VDL801","8","FX","53	:32:29","113:29:46",663,,"AB",,1,"A","16K0F3EGN",16,207.8
"4","R","010327105-001","Bell Media Inc.","TORONTO, ON, 299 QUEEN STREET WEST","VEF871","8","FX","43	:38:59","79:23:25",88,,"ON",,15,"A","39K4F3EJN",39.4,492.525
"4","R","010327105-001","Bell Media Inc.","TORONTO, ON, 299 QUEEN STREET WEST","VEF871","8","FX","43	:38:59","79:23:25",88,,"ON",,15,"A","39K4F3EJN",39.4,492.8
"4","R","010327105-001","Bell Media Inc.","TORONTO, ON, 299 QUEEN STREET WEST","VEF871","8","FX","43	:38:59","79:23:25",88,,"ON",,15,"A","39K4F3EJN",39.4,492.875
"4","R","010327105-001","Bell Media Inc.","TORONTO, ON, 299 QUEEN STREET WEST","VEF871","8","FX","43	:38:59","79:23:25",88,,"ON",,15,"A","39K4F3EJN",39.4,493.175
"4","R","010327107-001","Bell Media Inc.","TORONTO, ON 299 QUEEN ST W.","VEF998","8","FX","43	:38:59","79:23:25",88,,"ON",,15,"A","39K4F3EJN",39.4,497.8
"4","R","010327107-001","Bell Media Inc.","TORONTO, ON 299 QUEEN ST W.","VEF998","8","FX","43	:38:59","79:23:25",88,,"ON",,15,"A","39K4F3EJN",39.4,497.85
"4","R","010327107-001","Bell Media Inc.","TORONTO, ON 299 QUEEN ST W.","VEF998","8","FX","43	:38:59","79:23:25",88,,"ON",,15,"A","39K4F3EJN",39.4,497.95
"4","R","010327107-001","Bell Media Inc.","TORONTO, ON 299 QUEEN ST W.","VEF998","8","FX","43	:38:59","79:23:25",88,,"ON",,15,"A","39K4F3EJN",39.4,498.4
"4","R","010331513-001","Canadian Broadcasting Corporation","WINNIPEG TBL (WIRELESS MICS/CAMS)","XNR65","20","FB","49	:53:23","97:9:17",230,100,"MB",,3,"D","125KG1WDT",125,566.125
"4","R","010331513-001","Canadian Broadcasting Corporation","WINNIPEG TBL (WIRELESS MICS/CAMS)","XNR65","20","FB","49	:53:23","97:9:17",230,100,"MB",,3,"D","125KG1WDT",125,566.625
"4","R","010331513-001","Canadian Broadcasting Corporation","WINNIPEG TBL (WIRELESS MICS/CAMS)","XNR65","20","FB","49	:53:23","97:9:17",230,100,"MB",,3,"D","125KG1WDT",125,657.25
"4","R","010331513-001","Canadian Broadcasting Corporation","WINNIPEG TBL (WIRELESS MICS/CAMS)","XNR65","20","FB","49	:53:23","97:9:17",230,100,"MB",,3,"D","125KG1WDT",125,657.75
"4","R","010331513-001","Canadian Broadcasting Corporation","WINNIPEG TBL (WIRELESS MICS/CAMS)","XNR65","20","FB","49	:53:23","97:9:17",230,100,"MB",,3,"D","125KG1WDT",125,658.25
"4","R","010331513-001","Canadian Broadcasting Corporation","WINNIPEG TBL (WIRELESS MICS/CAMS)","XNR65","20","FB","49	:53:23","97:9:17",230,100,"MB",,3,"D","125KG1WDT",125,658.75
"4","R","010331513-001","Canadian Broadcasting Corporation","WINNIPEG TBL (WIRELESS MICS/CAMS)","XNR65","20","FB","49	:53:23","97:9:17",230,100,"MB",,3,"D","125KG1WDT",125,659.25
"4","R","010331513-001","Canadian Broadcasting Corporation","WINNIPEG TBL (WIRELESS MICS/CAMS)","XNR65","20","FB","49	:53:23","97:9:17",230,100,"MB",,3,"D","125KG1WDT",125,659.75
"4","R","010331513-001","Canadian Broadcasting Corporation","WINNIPEG TBL (WIRELESS MICS/CAMS)","XNR65","20","FB","49	:53:23","97:9:17",230,100,"MB",,3,"D","125KG1WDT",125,660.25
"4","R","010331513-001","Canadian Broadcasting Corporation","WINNIPEG TBL (WIRELESS MICS/CAMS)","XNR65","20","FB","49	:53:23","97:9:17",230,100,"MB",,3,"D","125KG1WDT",125,660.75
"4","R","010331513-001","Canadian Broadcasting Corporation","WINNIPEG TBL (WIRELESS MICS/CAMS)","XNR65","20","FB","49	:53:23","97:9:17",230,100,"MB",,3,"D","125KG1WDT",125,661.25
"4","R","010331513-001","Canadian Broadcasting Corporation","WINNIPEG TBL (WIRELESS MICS/CAMS)","XNR65","20","FB","49	:53:23","97:9:17",230,100,"MB",,3,"D","125KG1WDT",125,661.75
"4","R","010332019-001","Transmission Squelch Inc.","PROVINCE DE QUEBEC","CKL853","20","FB","49	:30:0","72:18:0",,600,"QC",,1,"A","6M00F3E",6000,485
"4","R","010332019-001","Transmission Squelch Inc.","PROVINCE DE QUEBEC","CKL853","20","FB","49	:30:0","72:18:0",,600,"QC",,1,"A","6M00F3E",6000,551
"4","R","010332661-001","CBC Radio-Canada","PROVINCE DE QUEBEC-TRANSPORTABLE","CJG449","20","FB","45	:30:0","73:40:0",,300,"QC",,1,"A","6M00F3E",6000,485
"4","R","010332661-001","CBC Radio-Canada","PROVINCE DE QUEBEC-TRANSPORTABLE","CJG449","20","FB","45	:30:0","73:40:0",,300,"QC",,1,"A","6M00F3E",6000,551
"4","R","010332921-001","CBC Radio-Canada","PROVINCE DE QUEBEC-TRANSPORTABLE","CGZ439","20","FB","46	:48:43","71:12:56",,500,"QC",,1,"A","6M00F3E",6000,551
"4","R","010332921-001","CBC Radio-Canada","PROVINCE DE QUEBEC-TRANSPORTABLE","CGZ439","20","FB","46	:48:43","71:12:56",,500,"QC",,2,"A","6M00F3E",6000,485
"4","R","010334259-001","ALBERTA HEALTH SERVICES","EDMONTON AB  KEC TO WMC TUNNEL BDA","CZS862","6","FX","53	:31:8","113:31:35",675,,"AB",,6,"D","10M0F7DWT",10000,465
"4","R","010338283-001","LESLIE WILLIAM SUTTON","MARSHALL SASK","CYW417","6","FB","53	:10:10","109:46:1",617,,"SK",,10,"A","16K0F3EJN",16,174
"4","R","010338307-001","J & S Hoffmann Farms Ltd.","ANNAHEIM SK NE20-38-20 W2","VDH959","6","FB","52	:17:5","104:49:25",571,,"SK",,20,"A","16K0F3EJN",16,173.985
"4","R","010340099-001","Joseph Brant Hospital","BURLINGTON, ON - JOSEPH BRANT HOSP.","VAX664","8","FX","43	:19:1","79:48:8",82,,"ON",,5,"A","16K0F1DCN",16,470.375
"4","R","010341077-001","GLENCORE CANADA CORPORATION","TIMMINS, ONT (KIDD #2 HEADFRAME)","VAN471","10","FX","48	:40:58","81:21:50",274,,"ON",,12,"A","16K0F3EJN",16,173.99
"4","R","010356717-002","Ralcomm Ltd","WHITECOURT, AB  (HOUSE MOUNTAIN)","VBL617","8","FX","54	:1:50","115:43:21",1063,,"AB",,85,"A","11K0F3EJN",11,174
"4","R","010367195-001","GROVER COMMUNICATIONS INC","SECHELT BC-5784 SECHELT INLET ROAD","VCU872","8","FX","49	:28:55","123:43:52",600,,"BC",,12,"A","16K0F3EJN",16,173.985
"4","R","010370131-001","Lansdowne Congregation of Jehovahs Witness","WOODSTOCK, ON - 1162 NELLIS ST.","CIM777","6","FB","43	:8:25","80:43:26",310,,"ON",,1,"A","119KF3EJN",119,518.2
"4","R","010370131-001","Lansdowne Congregation of Jehovahs Witness","WOODSTOCK, ON - 1162 NELLIS ST.","CIM777","6","FB","43	:8:25","80:43:26",310,,"ON",,1,"A","119KF3EJN",119,520.2
"4","R","010370877-001","Steve Kovacs OBO Tillsonburg Kingdom Hall","TILLSONBURG, ON - 497 PLANK RD","VFN278","6","FB","42	:50:38","80:43:29",219,,"ON",,1,"A","119KF3EJN",119,518.2
"4","R","010370877-001","Steve Kovacs OBO Tillsonburg Kingdom Hall","TILLSONBURG, ON - 497 PLANK RD","VFN278","6","FB","42	:50:38","80:43:29",219,,"ON",,1,"A","119KF3EJN",119,522.9
"4","R","010372233-001","BROOK FAIRLESS, OBO KINGDOM HALL OF JEHOVAH'S WITNESSES","BRANTFORD, ON - 80 COULBECK RD","VFV600","6","FB","43	:11:33","80:14:5",220,,"ON",,1,"A","134KF3EJN",134,518.2
"4","R","010372233-001","BROOK FAIRLESS, OBO KINGDOM HALL OF JEHOVAH'S WITNESSES","BRANTFORD, ON - 80 COULBECK RD","VFV600","6","FB","43	:11:33","80:14:5",220,,"ON",,1,"A","134KF3EJN",134,524.25
"4","R","010375021-001","CBC Radio-Canada","PROVINCE DE QUEBEC-TRANSPORTABLE","CJG447","20","FB","45	:30:0","73:40:0",1,300,"QC",,1,"A","6M00F3E",6000,485
"4","R","010375021-001","CBC Radio-Canada","PROVINCE DE QUEBEC-TRANSPORTABLE","CJG447","20","FB","45	:30:0","73:40:0",1,300,"QC",,1,"A","6M00F3E",6000,551
"4","R","010375877-001"," Parkside Congregation of Jehovah's Witnesses","CHATHAM, ON - 9375 RIVER LINE","CKR362","6","FB","42	:25:24","82:8:53",181,,"ON",,2,"A","48K0F3EJN",48,533.2
"4","R","010375877-001"," Parkside Congregation of Jehovah's Witnesses","CHATHAM, ON - 9375 RIVER LINE","CKR362","6","FB","42	:25:24","82:8:53",181,,"ON",,2,"A","48K0F3EJN",48,545.45
"4","R","010376653-001","ALBERTA HEALTH SERVICES","EDMONTON AB  ABC LEVEL O ELE9001","CZS861","6","FX","53	:31:5","113:31:39",675,,"AB",,3,"D","10M0F7DWT",10000,465
"4","R","010378645-001","LASSITER BROTHERS","BASSANO ALBERTA","CYJ849","6","FB","51	:9:30","112:21:39",884,,"AB",,17,"A","16K0F3EJN",16,173.985
"4","R","010382159-001","THE CORPORATION OF THE MASSEY HALL AND ROY THOMPSON HALL","TORONTO, ONT. 60 SIMCOE ST (MIC RX)","VFC623","6","FB","43	:38:42","79:23:17",79,,"ON",,10,"A","40K0F3EJN",40,207.2
"4","R","010389755-002","Canadian National Railway Company","BRAMPTON, ONT. INTERMODAL TERMINAL","CZV429","6","FB","43	:44:47","79:41:9",182,,"ON",,6,"A","16K0F3EJN",16,469.9875
"4","R","010395241-001","Adam Hansler OBO Forest Glade Congregation of Jehovah's Witnesses","WINDSOR, ON - 6870 HAWTHORNE DRIVE","CKN855","6","FB","42	:18:26","82:56:26",182,,"ON",,1,"A","94K0F3EJN",94,533.2
"4","R","010395713-001","CPAC CABLE PUBLIC AFFAIRS CHANNEL MR SINGH","1750 - 45 O'CONNOR ST.","CJG510","6","FB","45	:25:15","75:41:54",1,,"ON",,1,"A","152KF3E",152,518.2
"4","R","010395713-001","CPAC CABLE PUBLIC AFFAIRS CHANNEL MR SINGH","1750 - 45 O'CONNOR ST.","CJG510","6","FB","45	:25:15","75:41:54",1,,"ON",,1,"A","152KF3E",152,522.3
"4","R","010395713-001","CPAC CABLE PUBLIC AFFAIRS CHANNEL MR SINGH","1750 - 45 O'CONNOR ST.","CJG510","6","FB","45	:25:15","75:41:54",1,,"ON",,1,"A","152KF3E",152,569.5
"4","R","010395713-001","CPAC CABLE PUBLIC AFFAIRS CHANNEL MR SINGH","1750 - 45 O'CONNOR ST.","CJG510","6","FB","45	:25:15","75:41:54",1,,"ON",,1,"A","152KF3E",152,570.5
"4","R","010395713-001","CPAC CABLE PUBLIC AFFAIRS CHANNEL MR SINGH","1750 - 45 O'CONNOR ST.","CJG510","6","FB","45	:25:15","75:41:54",1,,"ON",,1,"A","152KF3E",152,661.375
"4","R","010395713-001","CPAC CABLE PUBLIC AFFAIRS CHANNEL MR SINGH","1750 - 45 O'CONNOR ST.","CJG510","6","FB","45	:25:15","75:41:54",1,,"ON",,1,"A","152KF3E",152,661.8
"4","R","010395713-001","CPAC CABLE PUBLIC AFFAIRS CHANNEL MR SINGH","1750 - 45 O'CONNOR ST.","CJG510","6","FB","45	:25:15","75:41:54",1,,"ON",,1,"D","152KF3E",152,566.125
"4","R","010396189-001","Kingdom Hall of Jehovah's Witnesses","ABBOTSFORD BC - 1672 SALTON RD","CGR481","6","FB","49	:1:58","122:17:13",62,,"BC",,3,"A","120KF3EJN",120,572.25
"4","R","010396189-001","Kingdom Hall of Jehovah's Witnesses","ABBOTSFORD BC - 1672 SALTON RD","CGR481","6","FB","49	:1:58","122:17:13",62,,"BC",,3,"A","120KF3EJN",120,589.875
"4","R","010396527-001","JACK T. BOYD FARMING COMPANY LTD.","ESTON, SASK (SE 14-27-23 W3)","CGQ486","6","FB","51	:18:13","109:7:38",672,,"SK",,12,"A","16K0F3EJN",16,174
"4","R","010396639-001","CPAC CABLE PUBLIC AFFAIRS CHANNEL MR SINGH","1750-45 O'CONNOR ST. OTTAWA","CYS521","7","FB","45	:25:15","75:41:54",1,50,"ON",,1,"A","152KF3E",152,566.375
"4","R","010396639-001","CPAC CABLE PUBLIC AFFAIRS CHANNEL MR SINGH","1750-45 O'CONNOR ST. OTTAWA","CYS521","7","FB","45	:25:15","75:41:54",1,50,"ON",,1,"A","192KG1D",192,567
"4","R","010396639-001","CPAC CABLE PUBLIC AFFAIRS CHANNEL MR SINGH","1750-45 O'CONNOR ST. OTTAWA","CYS521","7","FB","45	:25:15","75:41:54",1,50,"ON",,1,"A","192KG1D",192,567.5
"4","R","010396639-001","CPAC CABLE PUBLIC AFFAIRS CHANNEL MR SINGH","1750-45 O'CONNOR ST. OTTAWA","CYS521","7","FB","45	:25:15","75:41:54",1,50,"ON",,1,"A","192KG1D",192,568
"4","R","010396639-001","CPAC CABLE PUBLIC AFFAIRS CHANNEL MR SINGH","1750-45 O'CONNOR ST. OTTAWA","CYS521","7","FB","45	:25:15","75:41:54",1,50,"ON",,1,"A","192KG1D",192,568.5
"4","R","010396639-001","CPAC CABLE PUBLIC AFFAIRS CHANNEL MR SINGH","1750-45 O'CONNOR ST. OTTAWA","CYS521","7","FB","45	:25:15","75:41:54",1,50,"ON",,1,"A","192KG1D",192,571.375
"4","R","010396639-001","CPAC CABLE PUBLIC AFFAIRS CHANNEL MR SINGH","1750-45 O'CONNOR ST. OTTAWA","CYS521","7","FB","45	:25:15","75:41:54",1,50,"ON",,1,"A","192KG1D",192,571.875
"4","R","010396639-001","CPAC CABLE PUBLIC AFFAIRS CHANNEL MR SINGH","1750-45 O'CONNOR ST. OTTAWA","CYS521","7","FB","45	:25:15","75:41:54",1,50,"ON",,1,"A","192KG1D",192,575.625
"4","R","010396639-001","CPAC CABLE PUBLIC AFFAIRS CHANNEL MR SINGH","1750-45 O'CONNOR ST. OTTAWA","CYS521","7","FB","45	:25:15","75:41:54",1,50,"ON",,1,"A","192KG1D",192,576.125
"4","R","010396639-001","CPAC CABLE PUBLIC AFFAIRS CHANNEL MR SINGH","1750-45 O'CONNOR ST. OTTAWA","CYS521","7","FB","45	:25:15","75:41:54",1,50,"ON",,1,"A","192KG1D",192,576.5
"4","R","010396639-001","CPAC CABLE PUBLIC AFFAIRS CHANNEL MR SINGH","1750-45 O'CONNOR ST. OTTAWA","CYS521","7","FB","45	:25:15","75:41:54",1,50,"ON",,1,"A","192KG1D",192,577
"4","R","010400255-001","TIMBERLINE HAULERS LTD","SADDLE HILLS EXPERT TOWER","XOQ301","8","FX","55	:29:15","118:45:9",918,,"AB",,61,"A","16K0F3EJN",16,173.985
"4","R","010407377-001","Vancouver Int'l Airport Authority","VAN INT'L AIRPORT LEVEL 4 (OPS/ECC)","VAL685","6","FX","49	:11:39","123:10:50",1,,"BC",,20,"A","250KF3EGN",250,65.75
"4","R","010407377-001","Vancouver Int'l Airport Authority","VAN INT'L AIRPORT LEVEL 4 (OPS/ECC)","VAL685","6","FX","49	:11:39","123:10:50",1,,"BC",,20,"A","5M75C3FMN",5750,61.25
"4","R","010409941-001","Dow Chemical Canada","FT. SASKATCHEWAN AB BLDG 242L CRANE","VDN600","6","FB","53	:43:59","113:9:57",625,,"AB",,5,"A","10K0L1D-N",10,470
"4","R","010412139-001","Bell Media Inc.","TOONTO, ON - 299 QUEEN ST W.","VEF997","8","FX","43	:39:59","79:23:26",88,,"ON",,15,"A","39K4F3EJN",39.4,498.525
"4","R","010412139-001","Bell Media Inc.","TOONTO, ON - 299 QUEEN ST W.","VEF997","8","FX","43	:39:59","79:23:26",88,,"ON",,15,"A","39K4F3EJN",39.4,498.8
"4","R","010412139-001","Bell Media Inc.","TOONTO, ON - 299 QUEEN ST W.","VEF997","8","FX","43	:39:59","79:23:26",88,,"ON",,15,"A","39K4F3EJN",39.4,498.875
"4","R","010412139-001","Bell Media Inc.","TOONTO, ON - 299 QUEEN ST W.","VEF997","8","FX","43	:39:59","79:23:26",88,,"ON",,15,"A","39K4F3EJN",39.4,499.175
"4","R","010412773-001","CONGREGATION OF JEHOVAH'S WITNESSES","AMHERSTBURG, ON - 121 LOWES SITE RD","CIK991","6","FB","42	:5:17","83:5:48",300,,"ON",,2,"A","200KF3EJN",200,516.25
"4","R","010412773-001","CONGREGATION OF JEHOVAH'S WITNESSES","AMHERSTBURG, ON - 121 LOWES SITE RD","CIK991","6","FB","42	:5:17","83:5:48",300,,"ON",,2,"A","200KF3EJN",200,566.25
"4","R","010413697-001","Parroquia San Lorenzo CHHA-AM 1610","TORONTO, ONT. TRANSPORTABLE","CIY814","7","FB","43	:42:40","79:27:10",180,50,"ON",,10,"A","12K0F3EJN",12,543.25
"4","R","010416411-001","Kingdom Hall of Jehovah's Witnesses","BURNABY BC - 5975 SUNSET ST","CGQ760","6","FB","49	:14:59","122:58:36",44,,"BC",,3,"A","120KF3EJN",120,186.2
"4","R","010416411-001","Kingdom Hall of Jehovah's Witnesses","BURNABY BC - 5975 SUNSET ST","CGQ760","6","FB","49	:14:59","122:58:36",44,,"BC",,3,"A","120KF3EJN",120,192.6
"4","R","010416411-001","Kingdom Hall of Jehovah's Witnesses","BURNABY BC - 5975 SUNSET ST","CGQ760","6","FB","49	:14:59","122:58:36",44,,"BC",,3,"A","120KF3EJN",120,195
"4","R","010416411-001","Kingdom Hall of Jehovah's Witnesses","BURNABY BC - 5975 SUNSET ST","CGQ760","6","FB","49	:14:59","122:58:36",44,,"BC",,3,"A","120KF3EJN",120,202.2
"4","R","010417277-001","CBC Radio-Canada","PROVINCE DE QUEBEC-TRANSPORTABLE","CGZ426","20","FB","46	:48:43","71:12:56",,500,"QC",,1,"A","6M00F3E",6000,551
"4","R","010417277-001","CBC Radio-Canada","PROVINCE DE QUEBEC-TRANSPORTABLE","CGZ426","20","FB","46	:48:43","71:12:56",,500,"QC",,2,"A","6M00F3E",6000,485
"4","R","010417707-001","CBC/Radio-Canada ? NPC Accounts Payable","ONTARIO WIDE (WIRELESS MIC)","CJG383","20","FB","45	:25:16","74:41:59",77,500,"ON",,1,"A","180KF3EGN",180,657.2
"4","R","010417707-001","CBC/Radio-Canada ? NPC Accounts Payable","ONTARIO WIDE (WIRELESS MIC)","CJG383","20","FB","45	:25:16","74:41:59",77,500,"ON",,1,"A","180KF3EGN",180,657.7
"4","R","010417707-001","CBC/Radio-Canada ? NPC Accounts Payable","ONTARIO WIDE (WIRELESS MIC)","CJG383","20","FB","45	:25:16","74:41:59",77,500,"ON",,1,"A","180KF3EGN",180,658.2
"4","R","010417967-001","CBC Radio-Canada","PROVINCE DE QUEBEC-TRANSPORTABLE","CGZ443","20","FB","46	:48:43","71:12:56",,500,"QC",,1,"A","6M00F3E",6000,551
"4","R","010417967-001","CBC Radio-Canada","PROVINCE DE QUEBEC-TRANSPORTABLE","CGZ443","20","FB","46	:48:43","71:12:56",,500,"QC",,2,"A","6M00F3E",6000,485
"4","R","010422983-001","F PETERS EXCAVATING LTD","SASKTOON, SK (818 47TH STREET E.)","XOY816","6","FB","52	:10:0","106:39:9",692,,"SK",,18,"A","16K0F3EJN",16,174
"4","R","010434163-002","Arthon Industries Limited","KELOWNA BC (4820 STEWART RD W)","CIY367","6","FB","49	:48:42","119:26:44",575,0,"BC",,3,"A","16K0F3E--",16,173.985
"4","R","010435165-001","BARRY ROBSON KINGDOM HALL OF JEHOVAH'S WITNESSES","GODERICH, ON  172 ANGLESEA ST","VFN931","6","FB","43	:44:52","81:42:6",200,,"ON",,2,"A","119KF3EJN",119,516.25
"4","R","010435165-001","BARRY ROBSON KINGDOM HALL OF JEHOVAH'S WITNESSES","GODERICH, ON  172 ANGLESEA ST","VFN931","6","FB","43	:44:52","81:42:6",200,,"ON",,2,"A","119KF3EJN",119,566.25
"4","R","010438091-001","Transmission Squelch Inc.","PROVINCE DE QUEBEC","CKL852","20","FB","49	:30:0","72:18:0",,600,"QC",,1,"A","6M00F3E",6000,485
"4","R","010438091-001","Transmission Squelch Inc.","PROVINCE DE QUEBEC","CKL852","20","FB","49	:30:0","72:18:0",,600,"QC",,1,"A","6M00F3E",6000,551
"4","R","010438245-002","LAW SOCIETY OF MANITOBA","WINNIPEG, MB 200-260 St. Mary Ave","CGQ676","6","FB","49	:53:27.14","97:8:22.09",232,,"MB",,2,"D","120KF3EGN",120,572.25
"4","R","010438245-002","LAW SOCIETY OF MANITOBA","WINNIPEG, MB 200-260 St. Mary Ave","CGQ676","6","FB","49	:53:27.14","97:8:22.09",232,,"MB",,2,"D","120KF3EGN",120,575.35
"4","R","010438245-002","LAW SOCIETY OF MANITOBA","WINNIPEG, MB 200-260 St. Mary Ave","CGQ676","6","FB","49	:53:27.14","97:8:22.09",232,,"MB",,2,"D","120KF3EGN",120,577.425
"4","R","010438245-002","LAW SOCIETY OF MANITOBA","WINNIPEG, MB 200-260 St. Mary Ave","CGQ676","6","FB","49	:53:27.14","97:8:22.09",232,,"MB",,2,"D","120KF3EGN",120,578.9
"4","R","010438245-002","LAW SOCIETY OF MANITOBA","WINNIPEG, MB 200-260 St. Mary Ave","CGQ676","6","FB","49	:53:27.14","97:8:22.09",232,,"MB",,2,"D","120KF3EGN",120,581.275
"4","R","010438289-001","Assemblee Temoins de Jehovah Aylmer-Lucerne","GATINEAU, QC (1432, CH. D'AYLMER)","CYU550","6","FB","45	:24:52","75:45:49",63,,"QC",,1,"A","6M00F3EJN",6000,527
"4","R","010438289-001","Assemblee Temoins de Jehovah Aylmer-Lucerne","GATINEAU, QC (1432, CH. D'AYLMER)","CYU550","6","FB","45	:24:52","75:45:49",63,,"QC",,1,"A","6M00F3EJN",6000,557
"4","R","010440625-001","ALBERTA HEALTH SERVICES","EDMONTON, AB   WMC LEVEL P (BDA)","VAU659","6","FB","53	:31:17","113:31:27",675,,"AB",,2,"D","20M0F7DWT",20000,460
"4","R","010441145-001","LACOMBE COUNTY REGIONAL FIRE","ALIX, AB SE 36-39-23W4 (RPTR)","XJM253","8","FX","52	:23:37","113:10:44",792,,"AB",,62,"A","16K0F3EJN",16,174
"4","R","010442345-001","ALVIN BECHTHOLD","FOREMOST ALBERTA","CYN738","6","FB","49	:34:30","111:24:53",850,,"AB",,10,"A","16K0F3EJN",16,173.985
"4","R","010444517-001","JOHN PANASIUK","KUROKI SASK","CYI312","6","FB","51	:54:58","103:25:24",556,,"SK",,15,"A","16K0F3EJN",16,174
"4","R","010446307-001","MORTERM LIMITED","WINDSOR ONT MORTON TERMINAL","XNE581","6","FB","42	:16:5","83:6:6",175,,"ON",,10,"A","16K0F3EJN",16,469.9875
"4","R","010454221-001","Bell Media Inc.","TORONTO, ON  299 QUEEN ST WEST.","XLD202","8","FX","43	:38:59","79:23:25",88,,"ON",,15,"A","39K4F3EJN",39.4,491.8
"4","R","010454221-001","Bell Media Inc.","TORONTO, ON  299 QUEEN ST WEST.","XLD202","8","FX","43	:38:59","79:23:25",88,,"ON",,15,"A","39K4F3EJN",39.4,491.85
"4","R","010454221-001","Bell Media Inc.","TORONTO, ON  299 QUEEN ST WEST.","XLD202","8","FX","43	:38:59","79:23:25",88,,"ON",,15,"A","39K4F3EJN",39.4,491.95
"4","R","010454221-001","Bell Media Inc.","TORONTO, ON  299 QUEEN ST WEST.","XLD202","8","FX","43	:38:59","79:23:25",88,,"ON",,15,"A","39K4F3EJN",39.4,492.4
"4","R","010455649-001","Brown Family Farms","MILESTONE, SK (SE 14-11-19 W2)","VFN520","6","FB","49	:54:25","104:30:8",583,,"SK",,7,"A","16K0F3EJN",16,173.985
"4","R","010458945-001","CPAC CABLE PUBLIC AFFAIRS CHANNEL MR SINGH","1750 - 45 O'CONNOR ST.","CYS810","7","FB","45	:25:15","75:41:54",,50,"ON",,1,"A","192KG1D",192,566.625
"4","R","010458945-001","CPAC CABLE PUBLIC AFFAIRS CHANNEL MR SINGH","1750 - 45 O'CONNOR ST.","CYS810","7","FB","45	:25:15","75:41:54",,50,"ON",,1,"A","192KG1D",192,567.25
"4","R","010458945-001","CPAC CABLE PUBLIC AFFAIRS CHANNEL MR SINGH","1750 - 45 O'CONNOR ST.","CYS810","7","FB","45	:25:15","75:41:54",,50,"ON",,1,"A","192KG1D",192,568.875
"4","R","010458945-001","CPAC CABLE PUBLIC AFFAIRS CHANNEL MR SINGH","1750 - 45 O'CONNOR ST.","CYS810","7","FB","45	:25:15","75:41:54",,50,"ON",,1,"A","192KG1D",192,569.75
"4","R","010458945-001","CPAC CABLE PUBLIC AFFAIRS CHANNEL MR SINGH","1750 - 45 O'CONNOR ST.","CYS810","7","FB","45	:25:15","75:41:54",,50,"ON",,1,"A","192KG1D",192,570.75
"4","R","010458945-001","CPAC CABLE PUBLIC AFFAIRS CHANNEL MR SINGH","1750 - 45 O'CONNOR ST.","CYS810","7","FB","45	:25:15","75:41:54",,50,"ON",,1,"A","192KG1D",192,571.625
"4","R","010459529-001","Kingdom Hall of Jehovah's Witnesses","POWELL RIVER BC 4946 MANSON AVENUE","CGQ593","6","FB","49	:51:0","124:30:33",120,,"BC",,3,"A","120KF3EJN",120,174.8
"4","R","010459529-001","Kingdom Hall of Jehovah's Witnesses","POWELL RIVER BC 4946 MANSON AVENUE","CGQ593","6","FB","49	:51:0","124:30:33",120,,"BC",,3,"A","120KF3EJN",120,175.35
"4","R","010459529-001","Kingdom Hall of Jehovah's Witnesses","POWELL RIVER BC 4946 MANSON AVENUE","CGQ593","6","FB","49	:51:0","124:30:33",120,,"BC",,3,"A","120KF3EJN",120,208.2
"4","R","010460237-001","CBC Radio-Canada","PROVINCE DE QUEBEC-TRANSPORTABLE","CGZ440","20","FB","46	:48:43","71:12:56",,500,"QC",,1,"A","6M00F3E",6000,551
"4","R","010460237-001","CBC Radio-Canada","PROVINCE DE QUEBEC-TRANSPORTABLE","CGZ440","20","FB","46	:48:43","71:12:56",,500,"QC",,2,"A","6M00F3E",6000,485
"4","R","010460239-001","CBC Radio-Canada","PROVINCE DE QUEBEC-TRANSPORTABLE","CGZ442","20","FB","46	:48:43","71:12:56",,500,"QC",,1,"A","6M00F3E",6000,551
"4","R","010460239-001","CBC Radio-Canada","PROVINCE DE QUEBEC-TRANSPORTABLE","CGZ442","20","FB","46	:48:43","71:12:56",,500,"QC",,2,"A","6M00F3E",6000,485
"4","R","010481669-001","CBC Radio-Canada","PROVINCE DE QUEBEC-TRANSPORTABLE","CGZ441","20","FB","46	:48:43","71:12:56",,500,"QC",,1,"A","6M00F3E",6000,551
"4","R","010481669-001","CBC Radio-Canada","PROVINCE DE QUEBEC-TRANSPORTABLE","CGZ441","20","FB","46	:48:43","71:12:56",,500,"QC",,2,"A","6M00F3E",6000,485
"4","R","010481671-001","CBC Radio-Canada","PROVINCE DE QUEBEC-TRANSPORTABLE","CGZ444","20","FB","46	:48:43","71:12:56",,500,"QC",,1,"A","6M00F3E",6000,551
"4","R","010481671-001","CBC Radio-Canada","PROVINCE DE QUEBEC-TRANSPORTABLE","CGZ444","20","FB","46	:48:43","71:12:56",,500,"QC",,2,"A","6M00F3E",6000,485
"4","R","010500395-005","Hoisting & Machining Services Inc.","AB","","19","ML","53	:17:24.39","113:27:21.67",,100,"AB",,,"A","16K0F3EJN",16,469.9875
"4","R","010560023-002","PCL Construction Resources Inc.","Winnipeg, MB 790 Sherbrook St","","3","ML","49	:54:4","97:9:29",,5,"MB",,,"A","16K0F3EJN",16,469.9875
"4","R","010607709-002","Arthon Industries Limited","KELOWNA BC AREA","","3","ML","49	:53:0","119:26:4",,20,"BC",,,"A","16K0F3E--",16,173.985
"4","R","010611713-006","Graham Group Ltd.","ACROSS CANADA","","19","ML","57	:38:16","92:49:20",,3000,"CW",,,"A","16K0F3EJN",16,469.9875
"4","R","010616021-002","F PETERS EXCAVATING LTD","Saskatoon, SK","","3","ML","52	:7:59","106:40:12",,.05,"SK",,,"A","16K0F3E--",16,174
"4","R","010628237-003","PCL Construction Resources Inc.","REGINA, SK (CCRL: CO-OP UPGRADER)","","3","ML","50	:29:2","104:34:28",,2,"SK",,,"A","16K0F3EJN",16,469.9875
"4","R","010763387-002","COMPASS MINERALS CANADA CORP.","Goderich Ont (Sifto Salt Mine - N Harbour Rd)","","8","FX","43	:44:48","81:43:31",,1,"ON",,10,"A","16K0F3EJN",16,173.985
"4","R","010763699-002","Prairie Communications Ltd. - Alberta","Calgary AB","","3","ML","51	:2:55","114:4:15",,25,"AB",,,"A","11K0F3E",25,469.9875
"4","R","010802175-001","Teck Metals Ltd.","Trail, B.C. - Zone Enhancer","CFL358","8","FX","49	:6:54.95","117:43:30.75",1364,,"BC",,3,"D","32M5F3EDT",32500,462.4
"4","R","010802175-001","Teck Metals Ltd.","Trail, B.C. - Zone Enhancer","CFL358","8","FX","49	:6:54.95","117:43:30.75",1364,,"BC",,3,"D","32M5F3EDT",32500,462.7375
"4","R","010802175-001","Teck Metals Ltd.","Trail, B.C. - Zone Enhancer","CFL358","8","FX","49	:6:54.95","117:43:30.75",1364,,"BC",,3,"D","32M5F3EDT",32500,463.0625
"4","R","010802175-001","Teck Metals Ltd.","Trail, B.C. - Zone Enhancer","CFL358","8","FX","49	:6:54.95","117:43:30.75",1364,,"BC",,3,"D","32M5F3EDT",32500,463.1
"4","R","010802175-001","Teck Metals Ltd.","Trail, B.C. - Zone Enhancer","CFL358","8","FX","49	:6:54.95","117:43:30.75",1364,,"BC",,3,"D","32M5F3EDT",32500,463.2625
"4","R","010802175-001","Teck Metals Ltd.","Trail, B.C. - Zone Enhancer","CFL358","8","FX","49	:6:54.95","117:43:30.75",1364,,"BC",,3,"D","32M5F3EDT",32500,463.4125
"4","R","010802175-001","Teck Metals Ltd.","Trail, B.C. - Zone Enhancer","CFL358","8","FX","49	:6:54.95","117:43:30.75",1364,,"BC",,3,"D","32M5F3EDT",32500,463.525
"4","R","010802175-001","Teck Metals Ltd.","Trail, B.C. - Zone Enhancer","CFL358","8","FX","49	:6:54.95","117:43:30.75",1364,,"BC",,3,"D","32M5F3EDT",32500,463.6375
"4","R","010802175-001","Teck Metals Ltd.","Trail, B.C. - Zone Enhancer","CFL358","8","FX","49	:6:54.95","117:43:30.75",1364,,"BC",,3,"D","32M5F3EDT",32500,463.7875
"4","R","010802175-001","Teck Metals Ltd.","Trail, B.C. - Zone Enhancer","CFL358","8","FX","49	:6:54.95","117:43:30.75",1364,,"BC",,3,"D","32M5F3EDT",32500,463.9375
"4","R","010819034-001","Arthon Industries Limited","Kitimat, BC","","3","ML","54	:2:45","128:41:54",,50,"BC",,2,"A","16K0F3E--",16,173.985
"4","R","010819034-001","Arthon Industries Limited","Kitimat, BC","CFT500","6","FX","54	:2:45","128:41:54",17,0,"BC",,3,"A","16K0F3E--",16,173.985
"4","R","010836449-001","Diavik Diamond Mine","Lac de Gras, NT (Diavik Mine - East Island)","CGZ885","15","LR","64	:28:11.1","110:17:24",419,5,"",,1,"","300MF3X",300000,17.15
"4","R","010889546-001","Sanmina Corporation","OTTAWA (500 MARCH RD) ON","CGC978","15","LR","45	:20:42.36","75:55:4.187",79.5,.03,"ON",,5,"","9M99G7WBT",600000,1176.45
"4","R","010889546-001","Sanmina Corporation","OTTAWA (500 MARCH RD) ON","CGC978","15","LR","45	:20:42.36","75:55:4.187",79.5,.03,"ON",,5,"","9M99G7WBT",600000,1227.6
"4","R","010906043-002","JUICED EVENTS INC.","Red Deer, AB","","19","ML","52	:16:8.4","113:48:41.76",,100,"AB",,0,"D","180KF3EGN",180,88.1
"4","R","011026406-003","Hopital de Saint-Eustache","Saint-Eustache, QC (520 Boul. Arthur-Sauve)","CIA295","7","FX","45	:34:16","73:54:46",,1,"QC",,18,"D","20K0F1DFN",20000,72.12
"4","R","011056973-004","9485-3546 Quebec inc.","Sainte-Marie, QC (1150 Bd Vachon N)","","7","FX","46	:27:28","71:2:18",,1,"QC",,19.3,"D","20K0F1DFN",20000,72.2
"4","R","011057006-004","9485-3546 Quebec inc.","Sainte-Marie, QC (1150 Bd Vachon N)","","7","FX","46	:27:28","71:2:18",,1,"QC",,19.3,"D","20K0F1DFN",20000,72.32
"4","T","010314119-001","DEREK MOOS","ECKVILLE ALTA (NE 4/40/03/W5)","VBF852","6","FB","52	:24:59","114:21:59",945,,"AB",13,6,"A","16K0F3EJN",16,173.985
"4","T","010315225-001","RECO TRENCHING INC. RECO CONSTRUCTION LTD.","GRANDE PRAIRIE, AB-17 HWY 40 IND PK","XKP385","8","FX","55	:7:3","118:49:7",671,,"AB",15.1,8,"A","16K0F3EJN",16,173.985
"4","T","010315293-001","Norbord Inc. (West Fraser Mills ltd)","GRANDE PRAIRIE AB YARD-SCALE HOUSE","VDH262","8","FX","55	:1:36","118:45:29",655,,"AB",12.89999,5,"A","16K0F3EJN",16,174
"4","T","010317315-001","GARNET C SUTTON","MARSHALL SASK","CYH758","6","FB","53	:10:14","109:45:43",617,,"SK",8.5,10,"A","16K0F3EJN",16,174
"4","T","010324935-001","Rogers Media Inc. A-Channel","EDMONTON,AB 10212 JASPER AVE","VDL801","8","FX","53	:32:29","113:29:46",663,,"AB",-13.60538,1,"A","16K0F3EGN",16,183.73
"4","T","010327105-001","Bell Media Inc.","TORONTO, ON, 299 QUEEN STREET WEST","VEF871","8","FX","43	:38:59","79:23:25",88,,"ON",-9.20157,15,"A","39K4F3EJN",39.4,470.1
"4","T","010327107-001","Bell Media Inc.","TORONTO, ON 299 QUEEN ST W.","VEF998","8","FX","43	:38:59","79:23:25",88,,"ON",-9.20157,15,"A","39K4F3EJN",39.4,476.05
"4","T","010329411-002","Canadian National Railway Company","8050 CAVENDISH, MONTREAL, QC","VFR843","6","FB","45	:27:52","73:41:2",50,,"BC",-2.20043,20,"A","180KF9EHF",180,88.1
"4","T","010334259-001","ALBERTA HEALTH SERVICES","EDMONTON AB  KEC TO WMC TUNNEL BDA","CZS862","6","FX","53	:31:8","113:31:35",675,,"AB",9.5,6,"D","10M0F7DWT",10000,465
"4","T","010338283-001","LESLIE WILLIAM SUTTON","MARSHALL SASK","CYW417","6","FB","53	:10:10","109:46:1",617,,"SK",10.3,10,"A","16K0F3EJN",16,174
"4","T","010338307-001","J & S Hoffmann Farms Ltd.","ANNAHEIM SK NE20-38-20 W2","VDH959","6","FB","52	:17:5","104:49:25",571,,"SK",14.49999,20,"A","16K0F3EJN",16,173.985
"4","T","010341077-001","GLENCORE CANADA CORPORATION","KIDD CREEK, ON (CPCR)","VEK229","11","FX","48	:40:52","81:22:1",279,,"ON",14,15,"A","16K0F3EJN",16,173.99
"4","T","010341077-001","GLENCORE CANADA CORPORATION","KIDD CREEK, ONT. (COMPRESSER ROOM)","XKX258","11","FX","48	:41:24","81:22:17",285,,"ON",11.5,15,"A","16K0F3EJN",16,173.99
"4","T","010365443-001","RESORTS OF THE CANADIAN ROCKIES INC","FERNIE BC-SKI ADMIN OFFICE","VGJ717","6","FX","49	:27:38","115:5:24",1059,,"BC",15.3,4,"A","16K0F3EJN",16,173.985
"4","T","010375849-001","La Fabrique de la Paroisse de Saint-Patrick","MONTREAL, QC","CYS722","6","FX","45	:30:13","73:33:53",33,,"QC",-4.30013,3,"A","180KF3EGN",180,88.1
"4","T","010376653-001","ALBERTA HEALTH SERVICES","EDMONTON AB  ABC LEVEL O ELE9001","CZS861","6","FX","53	:31:5","113:31:39",675,,"AB",10.3,3,"D","10M0F7DWT",10000,465
"4","T","010378645-001","LASSITER BROTHERS","BASSANO ALBERTA","CYJ849","6","FB","51	:9:30","112:21:39",884,,"AB",14.49999,17,"A","16K0F3EJN",16,173.985
"4","T","010389755-002","Canadian National Railway Company","BRAMPTON, ONT. INTERMODAL TERMINAL","CZV429","6","FB","43	:44:47","79:41:9",182,,"ON",6.99996,6,"A","16K0F3EJN",16,469.9875
"4","T","010396527-001","JACK T. BOYD FARMING COMPANY LTD.","ESTON, SASK (SE 14-27-23 W3)","CGQ486","6","FB","51	:18:13","109:7:38",672,,"SK",15.3,12,"A","16K0F3EJN",16,174
"4","T","010396579-001","ALLSTAR SHOW INDUSTRIES","EDMONTON","CJG619","20","FB","53	:32:0","113:30:0",,100,"AB",-.60024,10,"A","180KF3EGN",180,88.1
"4","T","010410143-001","GENERAL MOTORS OF CANADA COMPANY CENTRAL","OSHAWA, ONT. PARK RD S, PAINT PLANT","CFU737","6","FB","43	:52:18","78:52:8",102,,"ON",5.99996,15,"D","16K0F1D-N",16,469.9875
"4","T","010412139-001","Bell Media Inc.","TOONTO, ON - 299 QUEEN ST W.","VEF997","8","FX","43	:39:59","79:23:26",88,,"ON",-9.20157,15,"A","39K4F3EJN",39.4,476.1
"4","T","010413697-001","Parroquia San Lorenzo CHHA-AM 1610","TORONTO, ONT. TRANSPORTABLE","CIY814","7","FB","43	:42:40","79:27:10",180,50,"ON",-14.00596,10,"A","12K0F3EJN",12,543.25
"4","T","010422983-001","F PETERS EXCAVATING LTD","SASKTOON, SK (818 47TH STREET E.)","XOY816","6","FB","52	:10:0","106:39:9",692,,"SK",13.39999,18,"A","16K0F3EJN",16,174
"4","T","010425955-001","GLENCORE CANADA CORPORATION","KIDD CREEK, ONT. (FIRST AID OFFICE)","XNX622","8","FX","48	:40:52","81:22:1",277,,"ON",17,15,"A","16K0F3EJN",16,173.99
"4","T","010434163-002","Arthon Industries Limited","KELOWNA BC (4820 STEWART RD W)","CIY367","6","FB","49	:48:42","119:26:44",575,0,"BC",15.77121,3,"A","16K0F3E--",16,173.985
"4","T","010439127-002","FM SYSTEMS","EDMONTON","CJG637","20","FB","53	:30:49","113:27:26",650,100,"AB",1.99996,10,"A","180KF3EGN",180,88.1
"4","T","010440625-001","ALBERTA HEALTH SERVICES","EDMONTON, AB   WMC LEVEL P (BDA)","VAU659","6","FB","53	:31:17","113:31:27",675,,"AB",8.29998,2,"D","20M0F7DWT",20000,460
"4","T","010441179-001","LACOMBE COUNTY REGIONAL FIRE","ALIX, AB (FIREHALL)","XJO323","8","FX","52	:23:50","113:11:31",797,,"AB",10.6,9,"A","16K0F3EJN",16,174
"4","T","010442345-001","ALVIN BECHTHOLD","FOREMOST ALBERTA","CYN738","6","FB","49	:34:30","111:24:53",850,,"AB",13.69999,10,"A","16K0F3EJN",16,173.985
"4","T","010444517-001","JOHN PANASIUK","KUROKI SASK","CYI312","6","FB","51	:54:58","103:25:24",556,,"SK",13.69999,15,"A","16K0F3EJN",16,174
"4","T","010446307-001","MORTERM LIMITED","WINDSOR ONT MORTON TERMINAL","XNE581","6","FB","42	:16:5","83:6:6",175,,"ON",6.3,10,"A","16K0F3EJN",16,469.9875
"4","T","010454221-001","Bell Media Inc.","TORONTO, ON  299 QUEEN ST WEST.","XLD202","8","FX","43	:38:59","79:23:25",88,,"ON",-9.20157,15,"A","39K4F3EJN",39.4,470.05
"4","T","010455649-001","Brown Family Farms","MILESTONE, SK (SE 14-11-19 W2)","VFN520","6","FB","49	:54:25","104:30:8",583,,"SK",15.3,7,"A","16K0F3EJN",16,173.985
"4","T","010461709-001","Parc Omega Inc.","MONTEBELLO, QC (PARC OMEGA)","VAU911","6","FB","45	:41:11","74:57:31",213,,"QC",-.90014,9,"A","180KF3EGN",180,88.1
"4","T","010474313-001","GLENCORE CANADA CORPORATION","KIDD CREEK, ONT (SECURITY OFFICE)","VEK228","8","FX","48	:40:52","81:22:1",279,,"ON",17,15,"A","16K0F3EJN",16,173.99
"4","T","010480859-001","EDMONTON MOTORCYCLE RACING ASSOC.","55112 HIGHWAY 825, AB","CGQ854","6","FB","53	:44:10","113:14:0",642,,"AB",2.99996,5,"A","180KF3EJN",180,88.1
"4","T","010500395-005","Hoisting & Machining Services Inc.","AB","","19","ML","53	:17:24.39","113:27:21.67",,100,"AB",3.0103,,"A","16K0F3EJN",16,469.9875
"4","T","010532345-002","Dow Chemical Canada","FT. SASKATCHEWAN AB BLDG 242L CRANE","","3","ML","53	:43:59","113:9:57",,3,"AB",-10,,"A","10K0L1D-N",10,470
"4","T","010550671-002","TIMBERLINE HAULERS LTD","SEE FREQUENCY CONDITIONS","","3","ML","54	:38:0","119:13:5",,25,"IP",14.77121,,"A","16K0F3EJN",16,173.985
"4","T","010560023-002","PCL Construction Resources Inc.","Winnipeg, MB 790 Sherbrook St","","3","ML","49	:54:4","97:9:29",,5,"MB",6.9897,,"A","16K0F3EJN",16,469.9875
"4","T","010607709-002","Arthon Industries Limited","KELOWNA BC AREA","","3","ML","49	:53:0","119:26:4",,20,"BC",14.77121,,"A","16K0F3E--",16,173.985
"4","T","010610145-002","LAW SOCIETY OF MANITOBA","WINNIPEG, MANITOBA","","3","ML","49	:53:27.14","97:8:22.09",,50,"MB",-15.22879,,"A","120KF3EGN",120,572.25
"4","T","010610145-002","LAW SOCIETY OF MANITOBA","WINNIPEG, MANITOBA","","3","ML","49	:53:27.14","97:8:22.09",,50,"MB",-15.22879,,"A","120KF3EGN",120,575.35
"4","T","010610145-002","LAW SOCIETY OF MANITOBA","WINNIPEG, MANITOBA","","3","ML","49	:53:27.14","97:8:22.09",,50,"MB",-15.22879,,"A","120KF3EGN",120,577.425
"4","T","010610145-002","LAW SOCIETY OF MANITOBA","WINNIPEG, MANITOBA","","3","ML","49	:53:27.14","97:8:22.09",,50,"MB",-15.22879,,"A","120KF3EGN",120,578.9
"4","T","010610145-002","LAW SOCIETY OF MANITOBA","WINNIPEG, MANITOBA","","3","ML","49	:53:27.14","97:8:22.09",,50,"MB",-15.22879,,"A","120KF3EGN",120,581.275
"4","T","010611713-006","Graham Group Ltd.","ACROSS CANADA","","19","ML","57	:38:16","92:49:20",,3000,"CW",6.9897,,"A","16K0F3EJN",16,469.9875
"4","T","010616021-002","F PETERS EXCAVATING LTD","Saskatoon, SK","","3","ML","52	:7:59","106:40:12",,.05,"SK",14.77121,,"A","16K0F3E--",16,174
"4","T","010617065-004","Arcadia","Cumberland Bay, NB - 23 Cumberland Point Rd","","3","ML","46	:2:47","65:52:52",,25,"NB",6.9897,,"A","16K0F3EJN",11,174.74
"4","T","010628237-003","PCL Construction Resources Inc.","REGINA, SK (CCRL: CO-OP UPGRADER)","","3","ML","50	:29:2","104:34:28",,2,"SK",3.0103,,"A","16K0F3EJN",16,469.9875
"4","T","010763395-001","COMPASS MINERALS CANADA CORP.","Goderich Ont (Sifto Salt Mine - N Harbour Rd)","","3","ML","43	:44:48","81:43:31",,5,"ON",6.9897,2,"A","16K0F3EJN",16,173.985
"4","T","010763699-002","Prairie Communications Ltd. - Alberta","Calgary AB","","3","ML","51	:2:55","114:4:15",,25,"AB",6.9897,,"A","11K0F3E",25,469.9875
"4","T","010802175-001","Teck Metals Ltd.","Trail, B.C. - Zone Enhancer","CFL358","8","FX","49	:6:54.95","117:43:30.75",1364,,"BC",13.27121,3,"D","32M5F3EDT",32500,467.4
"4","T","010802175-001","Teck Metals Ltd.","Trail, B.C. - Zone Enhancer","CFL358","8","FX","49	:6:54.95","117:43:30.75",1364,,"BC",13.27121,3,"D","32M5F3EDT",32500,467.7375
"4","T","010802175-001","Teck Metals Ltd.","Trail, B.C. - Zone Enhancer","CFL358","8","FX","49	:6:54.95","117:43:30.75",1364,,"BC",13.27121,3,"D","32M5F3EDT",32500,468.0625
"4","T","010802175-001","Teck Metals Ltd.","Trail, B.C. - Zone Enhancer","CFL358","8","FX","49	:6:54.95","117:43:30.75",1364,,"BC",13.27121,3,"D","32M5F3EDT",32500,468.1
"4","T","010802175-001","Teck Metals Ltd.","Trail, B.C. - Zone Enhancer","CFL358","8","FX","49	:6:54.95","117:43:30.75",1364,,"BC",13.27121,3,"D","32M5F3EDT",32500,468.2625
"4","T","010802175-001","Teck Metals Ltd.","Trail, B.C. - Zone Enhancer","CFL358","8","FX","49	:6:54.95","117:43:30.75",1364,,"BC",13.27121,3,"D","32M5F3EDT",32500,468.4125
"4","T","010802175-001","Teck Metals Ltd.","Trail, B.C. - Zone Enhancer","CFL358","8","FX","49	:6:54.95","117:43:30.75",1364,,"BC",13.27121,3,"D","32M5F3EDT",32500,468.525
"4","T","010802175-001","Teck Metals Ltd.","Trail, B.C. - Zone Enhancer","CFL358","8","FX","49	:6:54.95","117:43:30.75",1364,,"BC",13.27121,3,"D","32M5F3EDT",32500,468.6375
"4","T","010802175-001","Teck Metals Ltd.","Trail, B.C. - Zone Enhancer","CFL358","8","FX","49	:6:54.95","117:43:30.75",1364,,"BC",13.27121,3,"D","32M5F3EDT",32500,468.7875
"4","T","010802175-001","Teck Metals Ltd.","Trail, B.C. - Zone Enhancer","CFL358","8","FX","49	:6:54.95","117:43:30.75",1364,,"BC",13.27121,3,"D","32M5F3EDT",32500,468.9375
"4","T","010819034-001","Arthon Industries Limited","Kitimat, BC","","3","ML","54	:2:45","128:41:54",,50,"BC",14.77121,2,"A","16K0F3E--",16,173.985
"4","T","010819034-001","Arthon Industries Limited","Kitimat, BC","CFT500","6","FX","54	:2:45","128:41:54",17,0,"BC",12.77121,3,"A","16K0F3E--",16,173.985
"4","T","010836449-001","Diavik Diamond Mine","Lac de Gras, NT (Diavik Mine - East Island)","CGZ885","15","LR","64	:28:11.1","110:17:24",419,5,"",7.66868,1,"","300MF3X",300000,17.15
"4","T","010889546-001","Sanmina Corporation","OTTAWA (500 MARCH RD) ON","CGC978","15","LR","45	:20:42.36","75:55:4.187",79.5,.03,"ON",-14,5,"","9M99G7WBT",600000,1176.45
"4","T","010889546-001","Sanmina Corporation","OTTAWA (500 MARCH RD) ON","CGC978","15","LR","45	:20:42.36","75:55:4.187",79.5,.03,"ON",-14,5,"","9M99G7WBT",600000,1227.6
"4","T","010906043-002","JUICED EVENTS INC.","Red Deer, AB","","19","ML","52	:16:8.4","113:48:41.76",,100,"AB",-.45757,0,"D","180KF3EGN",180,88.1
"4","T","011026406-003","Hopital de Saint-Eustache","Saint-Eustache, QC (520 Boul. Arthur-Sauve)","CHK663","6","FX","45	:34:16","73:54:46",47,,"QC",-.3,14,"D","20K0F1DCN",20000,72.12
"4","T","011056973-004","9485-3546 Quebec inc.","Sainte-Marie, QC (1150 Bd Vachon N)","CHN330","6","FX","46	:27:28","71:2:18",67,,"QC",-.3,19.3,"D","20K0F1DCN",20000,72.2
"4","T","011057006-004","9485-3546 Quebec inc.","Sainte-Marie, QC (1150 Bd Vachon N)","CHN330","6","FX","46	:27:28","71:2:18",67,,"QC",-.3,19.3,"D","20K0F1DCN",20000,72.32
"5","T","010299418-003","Green Lake Communications Inc.","Green Lake","CH2352","1","BT","54:16:53.18","107:47:35.65",473,,"SK",17.19331,23,"A","5M45C3FNN",6000,55.25
"5","T","010299420-003","Green Lake Communications Inc.","Green Lake","CH2353","1","BT","54:16:53.18","107:47:35.65",473,,"SK",17.13491,23,"A","5M45C3FNN",6000,77.25
"5","T","010299422-003","Green Lake Communications Inc.","Green Lake","CH4621","1","BT","54:16:53.18","107:47:35.65",473,,"SK",17.00704,23,"A","5M45C3FNN",6000,211.25
"5","T","010299424-003","Green Lake Communications Inc.","Green Lake","CH4620","1","BT","54:16:53.18","107:47:35.65",473,,"SK",16.9897,23,"A","5M45C3FNN",6000,199.25
"5","T","010299474-001","Sipisishk Communications Inc.","Beauval","CH2549","1","BT","55:8:54","107:36:8",445,,"SK",9.86772,21.3,"A","5M45C3FNN",6000,211.25
"5","T","010299531-001","Hay River Community Service Society","Hay River","CH4434","1","BT","60:48:28","115:47:15",162,,"NT",9.25828,54,"A","5M45C3FNN",6000,55.25
"5","T","010299533-001","Hay River Community Service Society","Hay River","CIHC-TV","1","BT","60:48:28","115:47:15",162,,"NT",9.69882,54,"A","5M45C3FNN",6000,77.25
"5","T","010299573-001","Hay River Community Service Society","Hay River","CH4437","1","BT","60:48:28","115:47:15",162,,"NT",9.69882,54,"A","5M45C3FNN",6000,199.25
"5","T","010299575-001","Hay River Community Service Society","Hay River","CH4545","1","BT","60:48:28","115:47:15",162,,"NT",9.69882,54,"A","5M45C3FNN",6000,211.25
"5","T","010299577-001","Hay River Community Service Society","Hay River","CH2068","1","BT","60:48:28","115:47:15",168,,"NT",16.43453,-168,"A","5M45C3FNN",6000,83.25
"5","T","010299580-001","Hay River Community Service Society","Hay River","CH4435","1","BT","60:48:28","115:47:15",162,,"NT",9.69882,54,"A","5M45C3FNN",6000,181.25
"5","T","010299582-001","Hay River Community Service Society","Hay River","CH4436","1","BT","60:48:28","115:47:15",162,,"NT",9.69882,54,"A","5M45C3FNN",6000,187.25
"5","T","010299585-001","Hay River Community Service Society","Hay River","CH2069","1","BT","60:48:28","115:47:15",168,,"NT",17.48188,-168,"A","5M45C3FNN",6000,193.25
"5","T","010299659-001","Neepawa Access Community TV","Neepawa","CH5248","1","BT","50:13:47","99:27:58",366.7,,"MB",31.39879,38.7,"A","5M45C3FNN",6000,567.25
"5","T","010299848-003","Acadian Communications Ltd.","Cheticamp","CHNE-TV","1","BT","46:36:24","61:3:12",35,,"NS",22.60071,19.3,"A","5M45C3FNN",6000,603.25
"5","T","010299860-001","Hay River Community Service Society","Hay River","CH4546","1","BT","60:48:28","115:47:15",162,,"NT",9.59041,54,"A","5M45C3FNN",6000,67.25
"5","T","010299863-001","Hay River Community Service Society","Hay River","CH4547","1","BT","60:48:28","115:47:15",162,,"NT",9.29419,54,"A","5M45C3FNN",6000,483.25
"5","T","010300043-002","Granisle T.V. Society","Granisle","CH2793","1","BT","54:53:3.6","126:13:6.7",802,,"BC",3.22219,24.5,"A","5M45C3FNN",6000,67.25
"5","T","010300047-002","Granisle T.V. Society","Granisle","CH2794","1","BT","54:53:3.6","126:13:6.7",802,,"BC",3.22219,24.5,"A","5M45C3FNN",6000,83.25
"5","T","010300050-002","Granisle T.V. Society","Granisle","CH4088","1","BT","54:53:3.6","126:13:6.7",802,,"BC",5.44068,24.5,"A","5M45C3FNN",6000,175.25
"5","T","010300053-002","Granisle T.V. Society","Granisle","CH2796","1","BT","54:53:3.6","126:13:6.7",802,,"BC",11.30334,24.5,"A","5M45C3FNN",6000,187.25
"5","T","010300060-002","Granisle T.V. Society","Granisle","CH2798","1","BT","54:53:3.6","126:13:6.7",802,,"BC",14.14973,24.5,"A","5M45C3FNN",6000,199.25
"5","T","010300063-002","Granisle T.V. Society","Granisle","CH2799","1","BT","54:53:3.6","126:13:6.7",802,,"BC",5.18514,24.5,"A","5M45C3FNN",6000,205.25
"5","T","010300066-002","Granisle T.V. Society","Granisle","CH2800","1","BT","54:53:3.6","126:13:6.7",802,,"BC",4.62398,24.5,"A","5M45C3FNN",6000,211.25
"5","T","010300094-001","Coldwater Development Inc.","Coldwater I R #1","CH4315","1","BT","50:1:47","120:51:18",738,,"BC",13.48305,24,"A","5M45C3FNN",6000,175.25
"5","T","010300098-001","Coldwater Development Inc.","Coldwater I R #1","CH4277","1","BT","50:1:47","120:51:18",738,,"BC",13.48305,24,"A","5M45C3FNN",6000,187.25
"5","T","010300102-001","Coldwater Development Inc.","Coldwater I R #1","CH4278","1","BT","50:1:47","120:51:18",738,,"BC",13.48305,24,"A","5M45C3FNN",6000,211.25
"5","T","010300121-001","Brisco Recreation Commission","Brisco","CIBR-TV","1","BT","50:50:30","116:19:34",853.4,,"BC",11.67317,9.10000000000002,"A","5M45C3FNN",6000,199.25
"5","T","010300160-002","Granisle T.V. Society","Granisle","CH4469","1","BT","54:53:3.6","126:13:6.7",802,,"BC",3.61728,24.5,"A","5M45C3FNN",6000,55.25
"5","T","010300204-002","Pattison Media Ltd.","Chase","CFJC-TV-8","1","BT","50:54:0","119:38:35",1015,,"BC",14.62398,21.3,"A","5M45C3FNN",6000,199.25
"5","T","010300212-001","Bridge River Valley Community Association","Bralorne","CH4314","1","BT","50:47:3","122:49:33",1083,,"BC",6.9897,6,"A","5M45C3FNN",6000,193.25
"5","T","010300226-002","Bell Media Radio G.P.","Bullhead Mountain","CJDC-TV-2","1","BT","56:2:41","122:7:59",1108,,"BC",17.92392,11,"A","5M45C3FNN",6000,181.25
"5","T","010300403-001","Bridge River Valley Community Association","Bralorne","CH4300","1","BT","50:47:3","122:49:33",1083,,"BC",6.9897,6,"A","5M45C3FNN",6000,211.25
"5","T","010300412-001","Bridge River Valley Community Association","Bralorne","CH4297","1","BT","50:47:3","122:49:33",1083,,"BC",6.9897,10,"A","5M45C3FNN",6000,55.25
"5","T","010300415-001","Bridge River Valley Community Association","Bralorne","CH4298","1","BT","50:47:3","122:49:33",1083,,"BC",6.9897,8,"A","5M45C3FNN",6000,77.25
"5","T","010300418-001","Bridge River Valley Community Association","Bralorne","CH4299","1","BT","50:47:3","122:49:33",1083,,"BC",6.9897,8,"A","5M45C3FNN",6000,181.25
"5","T","010300432-002","Pattison Media Ltd.","Chase","CHSH-TV-2","1","BT","50:54:0","119:38:35",1015,,"BC",12.45513,11,"A","5M45C3FNN",6000,211.25
"5","T","010300446-002","Pattison Media Ltd.","Williams Lake","CFJC-TV-5","1","BT","52:6:55","122:11:10",930,,"BC",16.9897,11.1,"A","5M45C3FNN",6000,181.25
"5","T","010300456-002","Granisle T.V. Society","Granisle","CH4471","1","BT","54:53:3.6","126:13:6.7",802,,"BC",3.61728,24.5,"A","5M45C3FNN",6000,77.25
"5","T","010300480-001","Houston-Smithers Rebroadcasting Society","Telkwa","CFHO-TV-2","1","BT","54:46:27","127:13:24",1150,,"BC",15.79784,22,"A","5M45C3FNN",6000,193.25
"5","T","010300484-001","Houston-Smithers Rebroadcasting Society","Telkwa","CH4441","1","BT","54:46:27","127:13:24",1150,,"BC",23.74748,22,"A","5M45C3FNN",6000,507.25
"5","T","010300493-001","Houston-Smithers Rebroadcasting Society","Topley","CH4355","1","BT","54:30:12","126:17:4",701,,"BC",16.50308,11,"A","5M45C3FNN",6000,83.25
"5","T","010300496-001","Houston-Smithers Rebroadcasting Society","Topley","CFTY-TV","1","BT","54:30:12","126:17:4",701,,"BC",16.30428,13,"A","5M45C3FNN",6000,199.25
"5","T","010300563-001","Pattison Media Ltd.","Quesnel","CKPG-TV-5","1","BT","52:53:0","122:20:10",1286.3,,"BC",22.55273,10.7,"A","5M45C3FNN",6000,211.25
"5","T","010300569-002","Pattison Media Ltd.","Pritchard","CFJC-TV-19","1","BT","50:38:55","119:50:14",620,,"BC",17.99341,9,"A","5M45C3FNN",6000,55.25
"5","T","010300574-001","Pattison Media Ltd.","Quesnel","CFJC-TV-11","1","BT","52:53:0","122:20:10",1286.3,,"BC",13.9794,0,"A","5M45C3FNN",6000,175.25
"5","T","010300634-001","Houston-Smithers Rebroadcasting Society","Smithers","CH4442","1","BT","54:44:27","126:58:56",1028,,"BC",23.50248,30,"A","5M45C3FNN",6000,573.25
"5","T","010300666-001","Pattison Media Ltd.","Mackenzie","CKPG-TV-4","1","BT","55:1:52","122:53:44",1283.2,,"BC",19.54243,13.7,"A","5M45C3FNN",6000,83.25
"5","T","010300676-001","Pattison Media Ltd.","Merritt","CFJC-TV-3","1","BT","50:3:10","120:45:27",1693.5,,"BC",16.0206,0,"A","5M45C3FNN",6000,181.25
"5","T","010300693-001","Television MBS inc.","Les Escoumins","CFTF-DT-8","1","BT","48:19:0","69:25:43",62,,"QC",24.95544,61,"D","6M00C7W",6000,587
"5","T","010300701-002","Tele Inter-Rives Ltee","Riviere-du-Loup","CIMT-DT-6","1","BT","47:51:28","69:33:9",38,,"QC",20.56905,38,"D","6M00C7W",6000,213
"5","T","010300712-001","Tele Inter-Rives Ltee","Trois-Pistoles","CIMT-DT-2","1","BT","48:6:19","69:10:11",109,,"QC",16.9897,39.9,"D","6M00C7W",6000,213
"5","T","010300715-001","Tele Inter-Rives Ltee","Baie St-Paul","CIMT-DT-4","1","BT","47:25:26","70:31:29",142,,"QC",16.0206,40.9,"D","6M00C7W",6000,213
"5","T","010300724-002","Pattison Media Ltd.","Hixon","CKPG-TV-1","1","BT","53:28:43","122:38:0",761,,"BC",25.62293,69.2,"A","5M45C3FNN",6000,193.25
"5","T","010300725-001","Tele Inter-Rives Ltee","Cabano","CIMT-DT-8","1","BT","47:37:32","68:50:48",331.7,,"QC",20.04321,36,"D","6M00C7W",6000,527
"5","T","010300729-001","CHAU-TV Communications Ltee","Kedgwick","CHAU-DT-11","1","BT","47:38:16","67:21:6",327,,"NB",19.68483,38.1,"D","6M00C7W",6000,551
"5","T","010300730-002","Houston-Smithers Rebroadcasting Society","Houston","CH4443","1","BT","54:26:29.8","126:39:30.8",1222,,"BC",23.42423,30,"A","5M45C3FNN",6000,495.25
"5","T","010300732-001","Tele Inter-Rives Ltee","Les Escoumins","CIMT-DT-7","1","BT","48:19:0","69:25:43",62,,"QC",24.94155,61,"D","6M00C7W",6000,599
"5","T","010300740-002","Television MBS inc.","Edmundston","CFTF-DT-1","1","BT","47:23:16","68:19:1",342,,"NB",17.32394,30,"D","6M00C7W",6000,497
"5","T","010300746-001","CHAU-TV Communications Ltee","St-Quentin","CHAU-DT-2","1","BT","47:30:47","67:17:7",425.7,,"NB",23.54108,33.5,"D","6M00C7W",6000,575
"5","T","010300751-001","Television MBS inc.","Riviere-du-Loup","CFTF-DT-6","1","BT","47:51:28","69:33:9",38.3,,"QC",20,37,"D","6M00C7W",6000,201
"5","T","010300754-001","Television MBS inc.","Baie St-Paul","CFTF-DT-10","1","BT","47:25:26","70:31:29",142,,"QC",20.9691,35,"D","6M00C7W",6000,545
"5","T","010300757-001","Television MBS inc.","Trois-Pistoles","CFTF-DT-2","1","BT","48:6:19","69:10:11",109,,"QC",25.50228,36.6,"D","6M00C7W",6000,491
"5","T","010300761-001","Television MBS inc.","Cabano","CFTF-DT-3","1","BT","47:37:32","68:50:48",331.6,,"QC",8.45098,38,"D","6M00C7W",6000,207
"5","T","010300765-001","CHAU-TV Communications Ltee","Port-Daniel","CHAU-DT-3","1","BT","48:8:20","64:59:7",125,,"QC",13.22219,64,"D","6M00C7W",6000,195
"5","T","010300772-001","Logan Lake TV Society","Logan Lake","CH5534-DT","1","BT","50:30:1","120:48:47",1150,,"BC",23.56026,53,"D","6M00C7W",6000,581
"5","T","010300782-001","Logan Lake TV Society","Logan Lake","CH3083-DT","1","BT","50:30:1","120:48:47",1150,,"BC",23.56026,48,"D","6M00C7W",6000,593
"5","T","010300796-001","Logan Lake TV Society","Logan Lake","CH5530-DT","1","BT","50:30:1","120:48:47",1150,,"BC",23.57935,53,"D","6M00C7W",6000,485
"5","T","010300799-001","Logan Lake TV Society","Logan Lake","CH5531-DT","1","BT","50:30:1","120:48:47",1150,,"BC",23.57935,53,"D","6M00C7W",6000,509
"5","T","010300803-001","Logan Lake TV Society","Logan Lake","CH5532-DT","1","BT","50:30:1","120:48:47",1150,,"BC",23.57935,53,"D","6M00C7W",6000,533
"5","T","010300806-002","Logan Lake TV Society","Logan Lake","CH5533-DT","1","BT","50:30:1","120:48:47",1150,,"BC",24.14973,53,"D","6M00C7W",6000,557
"5","T","010300810-001","Television MBS inc.","Gaspe","CFTF-DT-9","1","BT","48:50:15","64:29:32",152.4,,"QC",20.53078,31,"D","6M00C7W",6000,569
"5","T","010300813-001","CHAU-TV Communications Ltee","Tracadie","CHAU-DT-10","1","BT","47:30:27","64:56:24",27,,"NB",13.9794,48,"D","6M00C7W",6000,189
"5","T","010300817-001","Skeena TV Association","Hazelton","CH2015-DT","1","BT","55:12:15","127:41:43",485,,"BC",16.43453,20,"D","6M00C7W",6000,177
"5","T","010300820-001","Skeena TV Association","Hazelton","CHHZ-DT","1","BT","55:12:15","127:41:43",485,,"BC",16.43453,20,"D","6M00C7W",6000,189
"5","T","010300823-001","Skeena TV Association","Hazelton","CH4382-DT","1","BT","55:12:15","127:41:43",485,,"BC",16.43453,20,"D","6M00C7W",6000,201
"5","T","010300826-001","Skeena TV Association","Hazelton","CH4383-DT","1","BT","55:12:15","127:41:43",485,,"BC",16.43453,20,"D","6M00C7W",6000,213
"5","T","010300842-001","Fort St. James TV Society","Murray Ridge","CH5799","1","BT","54:31:48","124:11:7",1400,,"BC",15.79784,15,"A","5M45C3FNN",6000,483.25
"5","T","010300844-001","Fort St. James TV Society","Murray Ridge","CH5800","1","BT","54:31:48","124:11:7",1400,,"BC",15.79784,15,"A","5M45C3FNN",6000,519.25
"5","T","010300846-001","Fort St. James TV Society","Murray Ridge","CH5801","1","BT","54:31:48","124:11:7",1400,,"BC",15.79784,16,"A","5M45C3FNN",6000,543.25
"5","T","010300902-002","Spences Bridge Community Club","Spences Bridge","CH4475","1","BT","50:25:23","121:20:50",240,,"BC",18.86491,10,"A","5M45C3FNN",6000,477.25
"5","T","010300910-002","Spences Bridge Community Club","Spences Bridge","CH4476","1","BT","50:25:23","121:20:50",240,,"BC",18.86491,10,"A","5M45C3FNN",6000,501.25
"5","T","010300928-001","The Valemount Entertainment Society","Valemount","CHVC-TV","1","BT","52:49:43","119:16:22",787,,"BC",15.0515,8,"A","5M45C3FNN",6000,579.25
"5","T","010300962-001","Hay River Community Service Society","Hay River","CH4160","1","BT","60:48:28","115:47:15",162,,"NT",16.53213,56.4,"A","5M45C3FNN",6000,205.25
"5","T","010300964-004","Robert G. Hopkins","Whitehorse","CKWH-TV","1","BT","60:43:42","135:3:18",640,,"YT",13.9794,10,"A","5M45C3FNN",6000,187.25
"5","T","010710407-001","Hay River Community Service Society","Hay River","CH4548","1","BT","60:48:28","115:47:15",161.5,,"NT",24.77121,56.7,"A","5M45C3FNN",6000,175.25
"5","T","010710407-001","Hay River Community Service Society","Hay River","CH4548-AX1","1","BT","60:48:28","115:47:15",161.5,,"NT",24.77121,56.7,"A","5M45C3FNN",6000,175.25
"5","T","010716951-001","Logan Lake TV Society","Logan Lake","CH2516-DT","1","BT","50:30:1","120:48:47",1150,,"BC",24.14973,48,"D","6M00C7W",6000,473
"5","T","010728644-001","Logan Lake TV Society","Logan Lake","CH2518-DT","1","BT","50:30:1","120:48:47",1150,,"BC",24.14973,48,"D","6M00C7W",6000,497
"5","T","010728729-001","Logan Lake TV Society","Logan Lake","CH2519-DT","1","BT","50:30:1","120:48:47",1150,,"BC",24.31364,48,"D","6M00C7W",6000,545
"5","T","010728735-001","Logan Lake TV Society","Logan Lake","CH2520-DT","1","BT","50:30:1","120:48:47",1150,,"BC",24.31364,48,"D","6M00C7W",6000,569
"5","T","010758852-002","Spences Bridge Community Club","Spences Bridge","CH4480","1","BT","50:25:23","121:20:50",240,,"BC",18.86491,10,"A","5M45C3FNN",6000,525.25
"5","T","010777713-001","Southshore Broadcasting Inc.","Leamington","CFTV-DT","1","BT","42:5:37.91","82:43:47.85",196,,"ON",27.66413,64,"D","6M00C7W",6000,569
"5","T","010778780-001","Slocan Valley TV Society","Crescent Valley","CHCV-DT","1","BT","49:29:13.14","117:32:46.14",1558,,"BC",24.843,8,"D","6M00C7W",6000,533
"5","T","010778783-001","Slocan Valley TV Society","Winlaw","CHWW-DT","1","BT","49:33:20.71","117:35:47.32",1851.4,,"BC",26.9897,15.2,"D","6M00C7W",6000,485
"5","T","010778786-001","Slocan Valley TV Society","Passmore","CFPM-DT","1","BT","49:32:45.78","117:40:54.12",599,,"BC",19.4939,15,"D","6M00C7W",6000,69
"5","T","010785638-001","Central Okanagan Rebroadcast Society","Winfield","CH4490-DT","1","BT","50:5:6.14","119:25:25.53",879.7,,"BC",16.90196,42,"D","6M00C7W",6000,593
"5","T","010789944-001","Chetwynd Communications Society","Chetwynd","CHET-DT","1","BT","55:40:7.3","121:34:55.3",1006,,"BC",16.23249,20.1,"D","6M00C7W",6000,557
"5","T","010789950-001","Chetwynd Communications Society","Chetwynd","CH4148-DT","1","BT","55:40:7.3","121:34:55.3",1006,,"BC",16.12784,20.1,"D","6M00C7W",6000,533
"5","T","010789951-001","Chetwynd Communications Society","Chetwynd","CH4334-DT","1","BT","55:40:7.3","121:34:55.3",1006,,"BC",16.90196,20.1,"D","6M00C7W",6000,569
"5","T","010792786-001","Fort St. James TV Society","Fort St. James","CH6457-DT","1","BT","54:26:36","124:13:31",900,,"BC",15.91065,29.6,"D","6M00C7W",6000,599
"5","T","010792997-001","Fort St. James TV Society","Fort St. James","CH6496-DT","1","BT","54:26:36","124:13:31",900,,"BC",15.91065,29.6,"D","6M00C7W",6000,533
"5","T","010793169-001","Fort St. James TV Society","Fort St. James","CH6497-DT","1","BT","54:26:36","124:13:31",900,,"BC",15.91065,29.6,"D","6M00C7W",6000,557
"5","T","010793183-001","Fort St. James TV Society","Fort St. James","CH6498-DT","1","BT","54:26:36","124:13:31",900,,"BC",15.91065,29.6,"D","6M00C7W",6000,575
"5","T","010807974-001","Tele Mag","Quebec","CHMG-DT","1","BT","46:46:16","71:16:56",95,,"QC",15.18514,73.4,"D","6M00C7W",6000,195
"5","T","010826938-001","Robson Valley Entertainment Association","McBride","CH5412-DT","1","BT","53:16:52","120:13:59",1343,,"BC",22.01397,25,"D","6M00C7W",6000,491
"5","T","010826950-001","Robson Valley Entertainment Association","McBride","CH5796-DT","1","BT","53:16:52","120:13:59",1343,,"BC",22.01397,25,"D","6M00C7W",6000,503
"5","T","010826955-001","Robson Valley Entertainment Association","McBride","CH5798-DT","1","BT","53:16:52","120:13:59",1343,,"BC",22.01397,25,"D","6M00C7W",6000,515
"5","T","010826957-001","Robson Valley Entertainment Association","McBride","CH5797-DT","1","BT","53:16:52","120:13:59",1343,,"BC",22.01397,25,"D","6M00C7W",6000,527
"5","T","010827819-001","Chetwynd Communications Society","Chetwynd","CH2384-DT","1","BT","55:40:7.3","121:34:55.3",1006,,"BC",10.79181,25.4,"D","6M00C7W",6000,207
"5","T","010836286-001","Fort St. James TV Society","Fort St. James","CH2927-DT","1","BT","54:26:5","124:32:48",1281,,"BC",19.24279,12.2,"D","6M00C7W",6000,473
"5","T","010836293-001","Fort St. James TV Society","Stones Bay","CH3037-DT","1","BT","54:26:5","124:32:48",1281,,"BC",11.76091,12.7,"D","6M00C7W",6000,57
"5","T","010836296-001","Fort St. James TV Society","Fort St. James","CH2926-DT","1","BT","54:26:5","124:32:48",1281,,"BC",13.42423,15.9,"D","6M00C7W",6000,177
"5","T","010848072-001","Fort St. James TV Society","Fort St. James","CH6499-DT","1","BT","54:26:36","124:13:31",900,,"BC",15.91065,29.6,"D","6M00C7W",6000,587
"5","T","010848203-001","Fort St. James TV Society","Fort St. James","CH6459-DT","1","BT","54:26:36","124:13:31",900,,"BC",15.91065,29.6,"D","6M00C7W",6000,497
"5","T","010848213-001","Fort St. James TV Society","Fort St. James","CH6460-DT","1","BT","54:26:36","124:13:31",900,,"BC",15.91065,29.6,"D","6M00C7W",6000,521
"5","T","010848218-001","Fort St. James TV Society","Fort St. James","CH6461-DT","1","BT","54:26:36","124:13:31",900,,"BC",15.91065,29.6,"D","6M00C7W",6000,545
"5","T","010849663-001","Bell Media Inc.","Canmore","CFCN-DT-14","1","BT","51:7:52.3","115:22:59.5",1375.4,,"AB",21.36721,44,"D","6M00C7W",6000,545
"5","T","010849668-001","Bell Media Inc.","Pigeon Mountain","CFCN-DT-13","1","BT","51:2:4.1","115:12:32.3",2174.1,,"AB",16.53213,4.3,"D","6M00C7W",6000,479
"5","T","010850451-001","Clearbrook Mennonite Brethren Church","Abbotsford","CFEG-DT","1","BT","49:3:12.5","122:20:19.1",74,,"BC",26.76694,57.1,"D","6M00C7W",6000,557
"5","T","010850600-001","Central Okanagan Rebroadcast Society","Winfield","CH4491-DT","1","BT","50:5:6.14","119:25:25.53",879.7,,"BC",16.90196,42,"D","6M00C7W",6000,575
"5","T","010853832-001","Bell Media Inc.","Banff","CFCN-DT-2","1","BT","51:11:58.28","115:36:43.42",2028,,"AB",17.55875,11,"D","6M00C7W",6000,177
"5","T","010855693-001","Northern Hamlet Of Jans Bay","Jans Bay","CH2830","1","BT","55:6:12","108:13:13",434.5,,"SK",7.40363,14,"A","5M45C3FNN",6000,83.25
"5","T","010883462-001","The Valemount Entertainment Society","Valemount","CHVC-DT-1","1","BT","52:50:30","119:15:29",882,,"BC",13.42423,19.5,"D","6M00C7W",6000,177
"5","T","010883478-001","The Valemount Entertainment Society","Valemount","CH4023-DT","1","BT","52:50:30","119:15:29",882,,"BC",13.42423,19.5,"D","6M00C7W",6000,189
"5","T","010883483-001","The Valemount Entertainment Society","Valemount","CH4331-DT","1","BT","52:50:30","119:15:29",882,,"BC",13.42423,19.5,"D","6M00C7W",6000,201
"5","T","010883486-001","The Valemount Entertainment Society","Valemount","CH4332-DT","1","BT","52:50:30","119:15:29",882,,"BC",13.42423,19.5,"D","6M00C7W",6000,213
"5","T","010886537-001","Fraser Lake and District Rebroadcasting Society","Fraser Lake","CFFL-DT-1","1","BT","54:2:.6","124:37:43.9",1147.9,,"BC",13.9794,29.3,"D","6M00C7W",6000,189
"5","T","010891731-001","Fraser Lake and District Rebroadcasting Society","Fraser Lake","CH2024-DT","1","BT","54:2:.6","124:37:43.9",1147.9,,"BC",19.54243,31.7,"D","6M00C7W",6000,527
"5","T","010891838-001","Fraser Lake and District Rebroadcasting Society","Fraser Lake","CH2025-DT","1","BT","54:2:.6","124:37:43.9",1147.9,,"BC",20,39.9,"D","6M00C7W",6000,569
"5","T","010893365-001","Fraser Lake and District Rebroadcasting Society","Fraser Lake","CH2308-DT","1","BT","54:2:.6","124:37:43.9",1147.9,,"BC",19.0309,20.1,"D","6M00C7W",6000,479
"5","T","010893371-001","Fraser Lake and District Rebroadcasting Society","Fraser Lake","CH2309-DT","1","BT","54:2:.6","124:37:43.9",1147.9,,"BC",19.0309,23.8,"D","6M00C7W",6000,491
"5","T","010893373-001","Fraser Lake and District Rebroadcasting Society","Fraser Lake","CH4433-DT","1","BT","54:2:.6","124:37:43.9",1147.9,,"BC",19.29419,26.8,"D","6M00C7W",6000,503
"5","T","010894327-001","Fraser Lake and District Rebroadcasting Society","Endako","CH2030-DT","1","BT","54:2:21.7","125:6:8.5",1081.4,,"BC",21.30334,15.2,"D","6M00C7W",6000,63
"5","T","010896040-001","Fraser Lake and District Rebroadcasting Society","Fort Fraser","CH2035-DT","1","BT","54:2:.6","124:37:43.9",1147.9,,"BC",8.45098,30,"D","6M00C7W",6000,177
"5","T","010896350-001","Area "H" North TV Society","New Denver","CH4418-DT","1","BT","49:59:16.9","117:22:43.3",541,,"BC",18.26075,20,"D","6M00C7W",6000,183
"5","T","010896356-001","Area "H" North TV Society","New Denver","CH5670-DT","1","BT","49:59:16.9","117:22:43.3",541,,"BC",18.69232,26,"D","6M00C7W",6000,195
"5","T","010896486-001","Fraser Lake and District Rebroadcasting Society","Endako","CH2031-DT","1","BT","54:2:21.7","125:6:8.5",1081.4,,"BC",20,29.9,"D","6M00C7W",6000,515
"5","T","010896554-001","Fraser Lake and District Rebroadcasting Society","Endako","CH2032-DT","1","BT","54:2:21.7","125:6:8.5",1081.4,,"BC",20,19.7,"D","6M00C7W",6000,599
"5","T","010897028-001","Fraser Lake and District Rebroadcasting Society","Endako","CH4303-DT","1","BT","54:2:21.7","125:6:8.5",1081.4,,"BC",20,28.9,"D","6M00C7W",6000,563
"5","T","010897112-001","Fraser Lake and District Rebroadcasting Society","Endako","CH4304-DT","1","BT","54:2:21.7","125:6:8.5",1081.4,,"BC",20,27.9,"D","6M00C7W",6000,575
"5","T","010897129-001","Fraser Lake and District Rebroadcasting Society","Endako","CH4337-DT","1","BT","54:2:21.7","125:6:8.5",1081.4,,"BC",20,21,"D","6M00C7W",6000,587
"5","T","010897411-001","Fort St. James TV Society","Stones Bay","CH3035-DT","1","BT","54:26:5","124:32:48",1279,,"BC",11.76091,14.6,"D","6M00C7W",6000,69
"5","T","010897416-001","Fort St. James TV Society","Stones Bay","CH3036-DT","1","BT","54:26:5","124:32:48",1279,,"BC",11.46128,17.2,"D","6M00C7W",6000,79
"5","T","010899324-001","Fort St. James TV Society","Stones Bay","CH3038-DT","1","BT","54:26:5","124:32:48",1279,,"BC",13.42423,18.3,"D","6M00C7W",6000,189
"5","T","010899326-001","Fort St. James TV Society","Stones Bay","CH3040-DT","1","BT","54:26:5","124:32:48",1279,,"BC",13.42423,15.9,"D","6M00C7W",6000,201
"5","T","010899328-001","Fort St. James TV Society","Stones Bay","CH3041-DT","1","BT","54:26:5","124:32:48",1279,,"BC",13.42423,18.3,"D","6M00C7W",6000,213
"5","T","010923370-001","St. Andrews Community Television","St. Andrews","CHCO-DT","1","BT","45:4:50.75","67:3:29.25",29,,"NB",24.14973,13.5,"D","6M00C7W",6000,545
"5","T","011016179-001","Granisle T.V. Society","Granisle","CH2795-DT","1","BT","54:53:3.6","126:13:6.7",802,,"BC",16.23249,33.8,"D","6M00C7W",6000,183
"5","T","011016182-001","Granisle T.V. Society","Granisle","CH2797-DT","1","BT","54:53:3.6","126:13:6.7",802,,"BC",15.91065,40.2,"D","6M00C7W",6000,195
